# This file uses centimeters as units for non-parametric coordinates.

g default
v 0.415470 0.232613 3.184136
v 0.413955 0.233450 4.010938
v 0.414414 -0.842069 4.008509
v 0.414560 -0.840784 3.183629
v -0.414560 -0.840784 3.183629
v -0.414414 -0.842069 4.008509
v -0.413955 0.233450 4.010938
v -0.415470 0.232613 3.184136
v 0.324424 -1.269388 3.919813
v 0.324262 -1.270159 3.272936
v -0.324262 -1.270159 3.272936
v -0.324424 -1.269388 3.919813
v 0.377228 -0.841029 4.010938
v 0.305566 -1.242010 3.926568
v -0.377228 -0.841029 4.010938
v -0.305566 -1.242010 3.926568
v 0.000000 -1.269524 3.920774
v 0.000000 -1.241923 3.926586
v 0.294272 -1.270411 3.892437
v 0.000000 -1.270411 3.893398
v -0.294272 -1.270411 3.892437
v 0.298842 -1.270411 3.306958
v -0.298842 -1.270411 3.306958
v 0.000000 -1.270411 3.274656
v 0.000000 -1.273703 3.307061
v 0.000000 -0.841150 3.181871
v 0.377275 0.232504 4.010938
v -0.377275 0.232504 4.010938
v 0.325260 0.663450 3.273367
v 0.325454 0.662526 3.918823
v -0.325454 0.662526 3.918823
v -0.325260 0.663450 3.273367
v 0.000000 0.232240 3.181871
v 0.000000 0.662914 3.271969
v 0.295469 0.664117 3.299820
v 0.000000 0.664117 3.298423
v -0.295469 0.664117 3.299820
v 0.297292 0.664117 3.890964
v -0.297292 0.664117 3.890964
v 0.000000 0.664117 3.919762
v 0.000000 0.664117 3.894675
v 0.301527 0.631400 3.927477
v -0.301527 0.631400 3.927477
v 0.000000 0.633520 3.926808
v 0.267091 0.690290 3.330330
v 0.265293 0.691660 3.862874
v -0.267091 0.690290 3.330330
v -0.265293 0.691660 3.862874
v 0.000000 0.692266 3.332241
v 0.000000 0.692267 3.862116
v 0.340388 0.237533 4.046597
v 0.339094 -0.839847 4.043878
v -0.339094 -0.839847 4.043878
v -0.340388 0.237533 4.046597
v 0.275878 0.612839 3.967371
v -0.275878 0.612839 3.967371
v 0.000000 0.613043 3.966757
v 0.277311 -1.218856 3.963132
v 0.000000 -1.218483 3.965725
v -0.277311 -1.218856 3.963132
v 0.000000 -0.839930 4.043914
v 0.000000 0.239339 4.046257
v 0.266060 -1.296500 3.864165
v 0.266445 -1.296426 3.328955
v -0.266445 -1.296426 3.328955
v -0.266060 -1.296500 3.864165
v 0.000000 -1.299377 3.861499
v 0.000000 -1.299377 3.332273
v 0.177832 -0.136061 3.181856
v 0.000000 -0.058190 3.181854
v -0.177832 -0.136061 3.181856
v 0.165220 -0.482606 3.181859
v 0.000000 -0.546073 3.181852
v -0.165220 -0.482606 3.181859
v 0.086999 -0.526077 3.181865
v 0.232240 -0.841050 3.181871
v 0.181654 -1.270411 3.273572
v 0.167406 -1.270411 3.307685
v 0.149261 -1.297349 3.330580
v 0.149043 -1.297073 3.862724
v 0.164853 -1.270411 3.892860
v 0.181745 -1.269983 3.920677
v 0.171180 -1.241972 3.926576
v 0.155349 -1.218230 3.963615
v 0.189960 -0.839730 4.042436
v 0.190688 0.238317 4.046349
v 0.154547 0.612321 3.966322
v 0.168918 0.632400 3.927266
v 0.182325 0.664117 3.919950
v 0.166545 0.664117 3.892596
v 0.148614 0.691116 3.862226
v 0.149623 0.690433 3.331437
v 0.165524 0.664117 3.299206
v 0.182215 0.663898 3.272177
v 0.232754 0.232583 3.181871
v 0.079452 -0.078710 3.181863
v -0.086999 -0.526077 3.181865
v -0.232240 -0.841050 3.181871
v -0.181654 -1.270411 3.273572
v -0.167406 -1.270411 3.307685
v -0.149261 -1.297349 3.330580
v -0.149043 -1.297073 3.862724
v -0.164853 -1.270411 3.892860
v -0.181745 -1.269983 3.920677
v -0.171180 -1.241972 3.926576
v -0.155349 -1.218230 3.963615
v -0.189960 -0.839730 4.042436
v -0.190688 0.238317 4.046349
v -0.154547 0.612321 3.966322
v -0.168918 0.632400 3.927266
v -0.182325 0.664117 3.919950
v -0.166545 0.664117 3.892596
v -0.148614 0.691116 3.862226
v -0.149623 0.690433 3.331437
v -0.165524 0.664117 3.299206
v -0.182215 0.663898 3.272177
v -0.232754 0.232583 3.181871
v -0.079452 -0.078710 3.181863
v 0.414533 -0.306326 3.183881
v 0.414533 -0.306555 4.010055
v 0.377251 -0.306503 4.010938
v 0.340329 -0.303409 4.046767
v 0.190321 -0.302962 4.046120
v 0.000000 -0.302449 4.045071
v -0.190321 -0.302962 4.046120
v -0.340329 -0.303409 4.046767
v -0.377251 -0.306503 4.010938
v -0.414533 -0.306555 4.010055
v -0.414533 -0.306326 3.183881
v 0.414533 -0.535856 3.183773
v 0.414533 -0.536539 4.009440
v 0.377241 -0.536062 4.010938
v 0.340357 -0.533797 4.046973
v 0.190081 -0.533466 4.046195
v 0.000000 -0.533664 4.044029
v -0.190081 -0.533466 4.046195
v -0.340357 -0.533797 4.046973
v -0.377241 -0.536062 4.010938
v -0.414533 -0.536539 4.009440
v -0.414533 -0.535856 3.183773
v 0.414533 -0.077851 3.183989
v 0.414533 -0.077629 4.010671
v 0.377261 -0.078000 4.010938
v 0.339992 -0.074085 4.045796
v 0.190532 -0.073477 4.045121
v 0.000000 -0.072276 4.046127
v -0.190532 -0.073477 4.045121
v -0.339992 -0.074085 4.045796
v -0.377261 -0.078000 4.010938
v -0.414533 -0.077629 4.010671
v -0.414533 -0.077851 3.183989
v -0.246795 -0.319891 3.181859
v -0.225023 -0.413724 3.181867
v 0.225023 -0.413724 3.181867
v 0.246795 -0.319891 3.181859
v 0.235533 -0.216486 3.181868
v -0.235533 -0.216486 3.181868
v 0.180732 -0.135077 3.141993
v 0.081411 -0.074843 3.142948
v -0.180732 -0.135077 3.141993
v -0.081411 -0.074843 3.142948
v 0.166830 -0.483796 3.142304
v 0.084962 -0.530076 3.141883
v -0.166830 -0.483796 3.142304
v -0.084962 -0.530076 3.141883
v 0.000000 -0.545779 3.142871
v 0.000000 -0.060524 3.142505
v -0.251089 -0.317664 3.143128
v -0.225302 -0.412006 3.143180
v 0.225302 -0.412006 3.143180
v 0.251089 -0.317664 3.143128
v 0.234986 -0.215542 3.141668
v -0.234986 -0.215542 3.141668
v 0.168402 -0.148399 3.141273
v 0.076504 -0.092479 3.141272
v -0.168402 -0.148399 3.141273
v -0.076504 -0.092479 3.141272
v 0.152095 -0.472928 3.141285
v 0.074007 -0.515576 3.141289
v -0.152095 -0.472928 3.141285
v -0.074007 -0.515576 3.141289
v 0.000000 -0.526551 3.141211
v 0.000000 -0.078596 3.141278
v -0.234349 -0.315435 3.141298
v -0.211024 -0.402830 3.141298
v 0.211024 -0.402830 3.141298
v 0.234349 -0.315435 3.141298
v 0.216582 -0.215003 3.141301
v -0.216582 -0.215003 3.141301
v 0.167224 -0.148880 2.996678
v 0.075405 -0.093191 2.996393
v -0.167224 -0.148880 2.996678
v -0.075405 -0.093191 2.996393
v 0.154752 -0.471426 2.996234
v 0.077835 -0.512366 2.996313
v -0.154752 -0.471426 2.996234
v -0.077835 -0.512366 2.996313
v 0.000000 -0.527481 2.996254
v 0.000000 -0.077245 2.996227
v -0.234086 -0.312065 2.996234
v -0.211438 -0.399422 2.996244
v 0.211438 -0.399422 2.996244
v 0.234086 -0.312065 2.996234
v 0.217269 -0.212699 2.996214
v -0.217269 -0.212699 2.996214
v 0.178637 -0.134218 2.996123
v 0.084935 -0.076195 2.995345
v -0.178637 -0.134218 2.996123
v -0.084935 -0.076195 2.995345
v 0.171625 -0.479446 2.995479
v 0.101137 -0.523954 2.995328
v -0.171625 -0.479446 2.995479
v -0.101137 -0.523954 2.995328
v 0.000000 -0.545606 2.996055
v 0.000000 -0.060717 2.996066
v -0.251550 -0.306618 2.995774
v -0.226832 -0.408645 2.995549
v 0.226832 -0.408645 2.995549
v 0.251550 -0.306618 2.995774
v 0.233359 -0.211914 2.995778
v -0.233359 -0.211914 2.995778
v 0.179859 -0.134210 2.958619
v 0.084756 -0.076078 2.957845
v -0.179859 -0.134210 2.958619
v -0.084756 -0.076078 2.957845
v 0.169896 -0.480932 2.954394
v 0.100297 -0.524354 2.956727
v -0.169896 -0.480932 2.954394
v -0.100297 -0.524354 2.956727
v 0.000000 -0.545803 2.957825
v 0.000000 -0.060486 2.958567
v -0.251495 -0.309399 2.958288
v -0.227224 -0.407835 2.955306
v 0.227224 -0.407835 2.955306
v 0.251495 -0.309399 2.958288
v 0.234243 -0.213660 2.958284
v -0.234243 -0.213660 2.958284
v 0.167881 -0.157480 2.953926
v 0.076992 -0.114712 2.954115
v -0.167881 -0.157480 2.953926
v -0.076992 -0.114712 2.954115
v 0.168092 -0.448112 2.952693
v 0.091386 -0.483864 2.952192
v -0.168092 -0.448112 2.952693
v -0.091386 -0.483864 2.952192
v 0.000000 -0.525528 2.952646
v 0.000000 -0.080673 2.954163
v -0.168235 -0.307295 2.953873
v -0.168765 -0.381236 2.954081
v 0.168765 -0.381236 2.954081
v 0.168235 -0.307295 2.953873
v 0.169166 -0.229841 2.954093
v -0.169166 -0.229841 2.954093
v 0.167419 -0.156306 2.761335
v 0.071111 -0.112990 2.761479
v -0.167419 -0.156306 2.761335
v -0.071111 -0.112990 2.761479
v 0.168976 -0.447101 2.761336
v 0.092515 -0.483366 2.762394
v -0.168976 -0.447101 2.761336
v -0.092515 -0.483366 2.762394
v 0.000000 -0.523603 2.761333
v 0.000000 -0.081792 2.761332
v -0.169175 -0.301660 2.761437
v -0.169009 -0.380225 2.761434
v 0.169009 -0.380225 2.761434
v 0.169175 -0.301660 2.761437
v 0.169166 -0.224206 2.761428
v -0.169166 -0.224206 2.761428
v 0.184397 -0.148105 2.758306
v 0.090216 -0.084966 2.760823
v -0.184397 -0.148105 2.758306
v -0.090216 -0.084966 2.760823
v 0.183550 -0.459103 2.759915
v 0.107648 -0.513708 2.760870
v -0.183550 -0.459103 2.759915
v -0.107648 -0.513708 2.760870
v 0.000000 -0.539376 2.761134
v 0.000000 -0.066881 2.760444
v -0.244439 -0.310193 2.761221
v -0.222159 -0.403208 2.759522
v 0.222159 -0.403208 2.759522
v 0.244439 -0.310193 2.761221
v 0.229692 -0.220161 2.757739
v -0.229692 -0.220161 2.757739
v 0.181369 -0.144755 2.558582
v 0.088870 -0.084433 2.558461
v -0.181369 -0.144755 2.558582
v -0.088870 -0.084433 2.558461
v 0.185719 -0.456709 2.558792
v 0.107769 -0.513662 2.557636
v -0.185719 -0.456709 2.558792
v -0.107769 -0.513662 2.557636
v 0.000000 -0.539447 2.560605
v 0.000000 -0.066853 2.559940
v -0.244972 -0.299110 2.558012
v -0.225667 -0.395534 2.559108
v 0.225667 -0.395534 2.559108
v 0.244972 -0.299110 2.558012
v 0.227543 -0.214884 2.558128
v -0.227543 -0.214884 2.558128
v 0.158728 -0.165674 2.555752
v 0.077417 -0.125021 2.556873
v -0.158728 -0.165674 2.555752
v -0.077417 -0.125021 2.556873
v 0.158757 -0.440574 2.555533
v 0.089137 -0.473885 2.556844
v -0.158757 -0.440574 2.555533
v -0.089137 -0.473885 2.556844
v 0.000000 -0.511198 2.556907
v 0.000000 -0.093228 2.555271
v -0.159426 -0.297542 2.556798
v -0.159089 -0.367151 2.556782
v 0.159089 -0.367151 2.556782
v 0.159426 -0.297542 2.556798
v 0.159252 -0.212629 2.556798
v -0.159252 -0.212629 2.556798
v 0.158742 -0.170629 1.650500
v 0.082820 -0.130979 1.651624
v -0.158742 -0.170629 1.650500
v -0.082820 -0.130979 1.651624
v 0.158635 -0.440550 1.650277
v 0.091578 -0.471312 1.651594
v -0.158635 -0.440550 1.650277
v -0.091578 -0.471312 1.651594
v 0.000000 -0.513060 1.651656
v 0.000000 -0.093233 1.650014
v -0.158725 -0.302473 1.651547
v -0.158743 -0.372084 1.653071
v 0.158743 -0.372084 1.653071
v 0.158725 -0.302473 1.651547
v 0.158751 -0.217558 1.651548
v -0.158751 -0.217558 1.651548
v 0.184686 -0.147382 1.293754
v 0.104469 -0.108066 1.296819
v -0.184686 -0.147382 1.293754
v -0.104469 -0.108066 1.296819
v 0.182152 -0.462678 1.296766
v 0.078381 -0.510218 1.296094
v -0.182152 -0.462678 1.296766
v -0.078381 -0.510218 1.296094
v 0.000000 -0.545050 1.305589
v 0.000000 -0.060726 1.300026
v -0.211418 -0.276548 1.296295
v -0.202314 -0.390079 1.295266
v 0.202314 -0.390079 1.295266
v 0.211418 -0.276548 1.296295
v 0.196779 -0.192276 1.294508
v -0.196779 -0.192276 1.294508
v 0.186693 -0.146752 1.041893
v 0.111146 -0.108574 1.043142
v -0.186693 -0.146752 1.041893
v -0.111146 -0.108574 1.043142
v 0.186719 -0.459577 1.044945
v 0.086480 -0.509003 1.044197
v -0.186719 -0.459577 1.044945
v -0.086480 -0.509003 1.044197
v 0.000000 -0.548445 1.042691
v 0.000000 -0.057838 1.044269
v -0.215325 -0.274634 1.044262
v -0.206387 -0.387114 1.043298
v 0.206387 -0.387114 1.043298
v 0.215325 -0.274634 1.044262
v 0.199517 -0.191348 1.042589
v -0.199517 -0.191348 1.042589
v 0.147434 -0.173912 1.038968
v 0.100870 -0.152506 1.040216
v -0.147434 -0.173912 1.038968
v -0.100870 -0.152506 1.040216
v 0.148645 -0.430823 1.039933
v 0.062327 -0.473507 1.040553
v -0.148645 -0.430823 1.039933
v -0.062327 -0.473507 1.040553
v 0.000000 -0.503126 1.040965
v 0.000000 -0.104523 1.040939
v -0.148789 -0.286116 1.040419
v -0.148803 -0.364948 1.040419
v 0.148803 -0.364948 1.040419
v 0.148789 -0.286116 1.040419
v 0.148704 -0.202826 1.038831
v -0.148704 -0.202826 1.038831
v 0.149394 -0.172904 -0.176507
v 0.102467 -0.152583 -0.176424
v -0.149394 -0.172904 -0.176507
v -0.102467 -0.152583 -0.176424
v 0.148664 -0.430979 -0.175386
v 0.073067 -0.466644 -0.176045
v -0.148664 -0.430979 -0.175386
v -0.073067 -0.466644 -0.176045
v 0.000000 -0.500034 -0.175655
v 0.000000 -0.106406 -0.176507
v -0.148668 -0.292875 -0.174246
v -0.148675 -0.365656 -0.172585
v 0.148675 -0.365656 -0.172585
v 0.148668 -0.292875 -0.174246
v 0.148721 -0.209585 -0.175832
v -0.148721 -0.209585 -0.175832
v 0.192535 -0.135493 -0.176680
v 0.115127 -0.099204 -0.176902
v -0.192535 -0.135493 -0.176680
v -0.115127 -0.099204 -0.176902
v 0.193799 -0.470287 -0.176698
v 0.087891 -0.519513 -0.176711
v -0.193799 -0.470287 -0.176698
v -0.087891 -0.519513 -0.176711
v 0.000000 -0.555905 -0.176643
v 0.000000 -0.047518 -0.176693
v -0.235569 -0.301078 -0.176628
v -0.221263 -0.393582 -0.177553
v 0.221263 -0.393582 -0.177553
v 0.235569 -0.301078 -0.176628
v 0.218202 -0.204054 -0.176629
v -0.218202 -0.204054 -0.176629
v 0.193568 -0.134992 -0.431402
v 0.117189 -0.100025 -0.431539
v -0.193568 -0.134992 -0.431402
v -0.117189 -0.100025 -0.431539
v 0.193343 -0.471425 -0.428667
v 0.098359 -0.514898 -0.424464
v -0.193343 -0.471425 -0.428667
v -0.098359 -0.514898 -0.424464
v 0.000000 -0.559745 -0.422199
v 0.000000 -0.046573 -0.431396
v -0.236084 -0.301199 -0.430599
v -0.222409 -0.389947 -0.430098
v 0.222409 -0.389947 -0.430098
v 0.236084 -0.301199 -0.430599
v 0.220187 -0.208717 -0.431294
v -0.220187 -0.208717 -0.431294
v 0.158044 -0.168956 -0.543455
v 0.084490 -0.132385 -0.542753
v -0.158044 -0.168956 -0.543455
v -0.084490 -0.132385 -0.542753
v 0.157923 -0.439109 -0.543717
v 0.076299 -0.479143 -0.539102
v -0.157923 -0.439109 -0.543717
v -0.076299 -0.479143 -0.539102
v 0.000000 -0.511313 -0.545177
v 0.000000 -0.094755 -0.544834
v -0.159048 -0.296656 -0.543064
v -0.158540 -0.361718 -0.543600
v 0.158540 -0.361718 -0.543600
v 0.159048 -0.296656 -0.543064
v 0.158096 -0.227585 -0.544244
v -0.158096 -0.227585 -0.544244
v 0.157364 -0.168190 -1.478203
v 0.097870 -0.139659 -1.476993
v -0.157364 -0.168190 -1.478203
v -0.097870 -0.139659 -1.476993
v 0.156883 -0.439870 -1.479149
v 0.091269 -0.469534 -1.478437
v -0.156883 -0.439870 -1.479149
v -0.091269 -0.469534 -1.478437
v 0.000000 -0.511005 -1.478011
v 0.000000 -0.095035 -1.477572
v -0.157358 -0.298861 -1.476701
v -0.157406 -0.364491 -1.478569
v 0.157406 -0.364491 -1.478569
v 0.157358 -0.298861 -1.476701
v 0.157384 -0.229784 -1.477890
v -0.157384 -0.229784 -1.477890
v 0.198353 -0.133116 -1.596877
v 0.107801 -0.089759 -1.597837
v -0.198353 -0.133116 -1.596877
v -0.107801 -0.089759 -1.597837
v 0.198520 -0.473777 -1.599457
v 0.125692 -0.507770 -1.596546
v -0.198520 -0.473777 -1.599457
v -0.125692 -0.507770 -1.596546
v 0.000000 -0.563869 -1.594572
v 0.000000 -0.040841 -1.596832
v -0.198503 -0.301129 -1.598972
v -0.198527 -0.380831 -1.599764
v 0.198527 -0.380831 -1.599764
v 0.198503 -0.301129 -1.598972
v 0.198526 -0.215852 -1.597892
v -0.198526 -0.215852 -1.597892
v 0.196136 -0.130190 -2.051560
v 0.104850 -0.088407 -2.052518
v -0.196136 -0.130190 -2.051560
v -0.104850 -0.088407 -2.052518
v 0.196426 -0.475194 -2.055158
v 0.123601 -0.508220 -2.055907
v -0.196426 -0.475194 -2.055158
v -0.123601 -0.508220 -2.055907
v 0.000000 -0.564891 -2.055251
v 0.000000 -0.040592 -2.051508
v -0.198116 -0.300266 -2.054582
v -0.197900 -0.379966 -2.055294
v 0.197900 -0.379966 -2.055294
v 0.198116 -0.300266 -2.054582
v 0.198528 -0.214990 -2.052583
v -0.198528 -0.214990 -2.052583
v 0.157609 -0.163911 -2.168471
v 0.067814 -0.122522 -2.167863
v -0.157609 -0.163911 -2.168471
v -0.067814 -0.122522 -2.167863
v 0.158333 -0.441525 -2.169636
v 0.103346 -0.466427 -2.170365
v -0.158333 -0.441525 -2.169636
v -0.103346 -0.466427 -2.170365
v 0.000000 -0.513257 -2.171576
v 0.000000 -0.092242 -2.169256
v -0.159376 -0.296469 -2.169600
v -0.159427 -0.358821 -2.169442
v 0.159427 -0.358821 -2.169442
v 0.159376 -0.296469 -2.169600
v 0.159824 -0.230480 -2.168245
v -0.159824 -0.230480 -2.168245
v 0.197996 -0.131204 -2.296078
v 0.089257 -0.079104 -2.301639
v -0.197996 -0.131204 -2.296078
v -0.089257 -0.079104 -2.301639
v 0.199625 -0.470839 -2.299823
v 0.140552 -0.503019 -2.299858
v -0.199625 -0.470839 -2.299823
v -0.140552 -0.503019 -2.299858
v 0.000000 -0.566571 -2.298472
v 0.000000 -0.038970 -2.300273
v -0.199028 -0.303430 -2.298049
v -0.199661 -0.388109 -2.299973
v 0.199661 -0.388109 -2.299973
v 0.199028 -0.303430 -2.298049
v 0.199348 -0.217290 -2.298980
v -0.199348 -0.217290 -2.298980
v 0.200349 -0.137708 -3.605092
v 0.091462 -0.074748 -3.606925
v -0.200349 -0.137708 -3.605092
v -0.091462 -0.074748 -3.606925
v 0.199671 -0.472851 -3.606983
v 0.130469 -0.503972 -3.607666
v -0.199671 -0.472851 -3.606983
v -0.130469 -0.503972 -3.607666
v 0.000000 -0.562084 -3.606680
v 0.000000 -0.023119 -3.607755
v -0.200400 -0.311324 -3.607659
v -0.200352 -0.397696 -3.606207
v 0.200352 -0.397696 -3.606207
v 0.200400 -0.311324 -3.607659
v 0.200411 -0.223801 -3.607648
v -0.200411 -0.223801 -3.607648
v 0.227148 -0.107556 -3.607861
v 0.104238 -0.037697 -3.607876
v -0.227148 -0.107556 -3.607861
v -0.104238 -0.037697 -3.607876
v 0.228331 -0.500377 -3.616948
v 0.139455 -0.541360 -3.614906
v -0.228331 -0.500377 -3.616948
v -0.139455 -0.541360 -3.614906
v 0.000000 -0.605239 -3.614496
v 0.000000 0.020027 -3.607880
v -0.271406 -0.362304 -3.607922
v -0.253644 -0.424686 -3.607878
v 0.253644 -0.424686 -3.607878
v 0.271406 -0.362304 -3.607922
v 0.270972 -0.238854 -3.608017
v -0.270972 -0.238854 -3.608017
v 0.229774 -0.052844 -3.780618
v 0.104617 0.006840 -3.794441
v -0.229774 -0.052844 -3.780618
v -0.104617 0.006840 -3.794441
v 0.225835 -0.484619 -3.879187
v 0.141011 -0.529279 -3.880211
v -0.225835 -0.484619 -3.879187
v -0.141011 -0.529279 -3.880211
v 0.000000 -0.603434 -3.881455
v 0.000000 0.050184 -3.795584
v -0.278323 -0.265257 -3.770813
v -0.265255 -0.361633 -3.793975
v 0.265255 -0.361633 -3.793975
v 0.278323 -0.265257 -3.770813
v 0.262255 -0.157511 -3.765731
v -0.262255 -0.157511 -3.765731
v 0.264130 -0.348137 -3.931812
v 0.278006 -0.267047 -3.915061
v -0.278006 -0.267047 -3.915061
v -0.264130 -0.348137 -3.931812
v -0.275127 -0.182175 -3.905380
v 0.275127 -0.182175 -3.905380
v 0.254079 -0.091688 -3.901229
v -0.254079 -0.091688 -3.901229
v 0.229076 -0.013147 -3.899544
v -0.229076 -0.013147 -3.899544
v 0.102897 0.034650 -3.905395
v -0.102897 0.034650 -3.905395
v 0.000000 0.068240 -3.901189
v 0.099057 0.064077 -4.015398
v 0.000000 0.090039 -4.011753
v -0.099057 0.064077 -4.015398
v 0.227230 0.029626 -4.019830
v -0.227230 0.029626 -4.019830
v 0.247111 -0.037462 -4.022177
v -0.247111 -0.037462 -4.022177
v 0.265958 -0.109389 -4.022910
v -0.265958 -0.109389 -4.022910
v -0.279328 -0.175076 -4.024996
v 0.279328 -0.175076 -4.024996
v 0.283503 -0.228000 -4.023753
v -0.283503 -0.228000 -4.023753
v 0.068798 0.154772 -4.318685
v 0.000000 0.146147 -4.248074
v -0.068798 0.154772 -4.318685
v 0.218477 0.131190 -4.321315
v -0.218477 0.131190 -4.321315
v 0.232129 0.080679 -4.330129
v -0.232129 0.080679 -4.330129
v 0.241505 0.025475 -4.338970
v -0.241505 0.025475 -4.338970
v -0.248883 -0.019109 -4.344532
v 0.248883 -0.019109 -4.344532
v 0.256043 -0.065086 -4.350831
v -0.256043 -0.065086 -4.350831
v -0.278110 -0.142808 -4.159179
v -0.267401 -0.096199 -4.149229
v -0.255882 -0.048867 -4.141150
v -0.240240 0.012048 -4.131799
v -0.223979 0.067234 -4.130686
v -0.097098 0.095486 -4.128204
v 0.000000 0.116512 -4.126520
v 0.097098 0.095486 -4.128204
v 0.223979 0.067234 -4.130686
v 0.240240 0.012048 -4.131799
v 0.255882 -0.048867 -4.141150
v 0.267401 -0.096199 -4.149229
v 0.278110 -0.142808 -4.159179
v 0.142708 -0.399164 -3.934746
v -0.142708 -0.399164 -3.934746
v 0.000000 -0.437331 -3.944456
v 0.151307 -0.263910 -4.020924
v -0.151307 -0.263910 -4.020924
v 0.000000 -0.285904 -4.025740
v 0.141859 -0.169854 -4.139757
v -0.141859 -0.169854 -4.139757
v 0.000000 -0.174512 -4.141186
v 0.113885 -0.065554 -4.330986
v -0.113885 -0.065554 -4.330986
v 0.000000 -0.120122 -4.237877
v 0.214579 0.157248 -4.555547
v 0.068965 0.169739 -4.554955
v -0.214579 0.157248 -4.555547
v -0.068965 0.169739 -4.554955
v 0.220741 0.119439 -4.562254
v -0.220741 0.119439 -4.562254
v 0.229553 0.003678 -4.574664
v 0.226927 0.041802 -4.569293
v -0.226927 0.041802 -4.569293
v -0.229553 0.003678 -4.574664
v 0.223924 0.080065 -4.566227
v -0.223924 0.080065 -4.566227
v 0.102685 0.017033 -4.563318
v -0.102685 0.017033 -4.563318
v 0.052688 -0.048657 -4.331577
v 0.049219 0.040002 -4.558629
v -0.052688 -0.048657 -4.331577
v -0.049219 0.040002 -4.558629
v 0.000000 -0.078333 -4.286392
v 0.047765 0.138225 -4.317757
v 0.000000 0.135876 -4.270359
v -0.047765 0.138225 -4.317757
v 0.049248 0.153650 -4.552434
v -0.049248 0.153650 -4.552434
v 0.195023 0.158411 -4.880936
v 0.065487 0.165566 -4.875740
v -0.195023 0.158411 -4.880936
v -0.065487 0.165566 -4.875740
v 0.195591 0.128640 -4.879465
v -0.195591 0.128640 -4.879465
v 0.195523 0.064300 -4.887347
v 0.195680 0.092631 -4.883141
v -0.195680 0.092631 -4.883141
v -0.195523 0.064300 -4.887347
v 0.195812 0.110380 -4.879609
v -0.195812 0.110380 -4.879609
v 0.087651 0.078570 -4.881334
v -0.087651 0.078570 -4.881334
v 0.049335 0.095556 -4.877446
v -0.049335 0.095556 -4.877446
v 0.049661 0.150402 -4.873235
v -0.049661 0.150402 -4.873235
v 0.163970 0.145627 -5.192461
v 0.065191 0.145381 -5.193810
v -0.163970 0.145627 -5.192461
v -0.065191 0.145381 -5.193810
v 0.164074 0.133693 -5.192255
v -0.164074 0.133693 -5.192255
v 0.161860 0.097923 -5.194193
v 0.163836 0.107133 -5.194291
v -0.163836 0.107133 -5.194291
v -0.161860 0.097923 -5.194193
v 0.163971 0.122754 -5.193245
v -0.163971 0.122754 -5.193245
v 0.076869 0.107356 -5.193880
v -0.076869 0.107356 -5.193880
v 0.049265 0.124736 -5.177524
v -0.049265 0.124736 -5.177524
v 0.050234 0.131705 -5.176668
v -0.050234 0.131705 -5.176668
v 0.073216 0.118590 -5.194097
v -0.073216 0.118590 -5.194097
v -0.069933 0.129047 -5.194157
v 0.069933 0.129047 -5.194157
v -0.067807 0.135867 -5.194169
v 0.067807 0.135867 -5.194169
v 0.049250 0.128682 -5.177304
v 0.049179 0.126925 -4.875038
v 0.049177 0.104995 -4.555087
v 0.049099 0.058230 -4.324007
v 0.000000 0.044314 -4.279529
v -0.049099 0.058230 -4.324007
v -0.049177 0.104995 -4.555087
v -0.049179 0.126925 -4.875038
v -0.049250 0.128682 -5.177304
v -0.049259 0.126783 -5.177409
v -0.049184 0.111824 -4.876197
v -0.049182 0.073707 -4.556792
v -0.049123 0.006791 -4.328407
v 0.000000 -0.014655 -4.284325
v 0.049123 0.006791 -4.328407
v 0.049182 0.073707 -4.556792
v 0.049184 0.111824 -4.876197
v 0.049259 0.126783 -5.177409
v -0.049260 0.129939 -5.177217
v -0.049184 0.136762 -4.874284
v -0.049182 0.125368 -4.553976
v -0.048574 0.091725 -4.321375
v 0.000000 0.082711 -4.276397
v 0.048574 0.091725 -4.321375
v 0.049182 0.125368 -4.553976
v 0.049184 0.136762 -4.874284
v 0.049260 0.129939 -5.177217
vt 0.342497 0.165964
vt 0.711358 0.225779
vt 0.420136 0.032746
vt 0.395150 0.175138
vt 0.292931 0.451742
vt 0.317597 0.309148
vt 0.370255 0.318285
vt 0.632080 0.364553
vt 0.580151 0.223350
vt 0.468204 0.203860
vt 0.448673 0.315892
vt 0.560158 0.335363
vt 0.657658 0.221864
vt 0.508722 0.607317
vt 0.398685 0.606734
vt 0.385836 0.681300
vt 0.575876 0.247955
vt 0.482891 0.605393
vt 0.452624 0.605555
vt 0.570255 0.279385
vt 0.564580 0.310756
vt 0.422364 0.606184
vt 0.570543 0.250055
vt 0.565532 0.278556
vt 0.560339 0.306993
vt 0.261608 0.873268
vt 0.297052 0.972086
vt 0.395554 0.937401
vt 0.359925 0.837174
vt 0.464005 0.228509
vt 0.388771 0.913639
vt 0.378180 0.886270
vt 0.458636 0.259916
vt 0.453051 0.291282
vt 0.368021 0.858736
vt 0.389703 0.206624
vt 0.382760 0.246721
vt 0.375754 0.286808
vt 0.523265 0.733386
vt 0.685932 0.368472
vt 0.234514 0.000000
vt 0.209792 0.142760
vt 0.131019 0.145117
vt 0.916252 0.281178
vt 0.184850 0.286199
vt 0.159935 0.428926
vt 0.895765 0.393364
vt 0.111489 0.257388
vt 0.126840 0.169833
vt 0.204378 0.174307
vt 0.197463 0.214504
vt 0.121472 0.201289
vt 0.115911 0.232709
vt 0.190402 0.254677
vt 0.121693 0.171899
vt 0.116888 0.200493
vt 0.111768 0.229025
vt 0.998716 0.482020
vt 0.978481 0.378635
vt 0.875043 0.398424
vt 0.895125 0.502537
vt 0.015017 0.150357
vt 0.878096 0.423040
vt 0.883827 0.451674
vt 0.009586 0.181850
vt 0.004092 0.213334
vt 0.890233 0.480164
vt 0.511943 0.941538
vt 0.524405 0.869576
vt 0.818067 0.394400
vt 0.402166 0.942991
vt 0.905912 0.307194
vt 0.900709 0.336376
vt 0.895085 0.365519
vt 0.972620 0.384963
vt 0.881389 0.404646
vt 0.900721 0.495631
vt 0.992073 0.476520
vt 0.976722 0.405142
vt 0.981970 0.430822
vt 0.987616 0.456417
vt 0.885719 0.424630
vt 0.891200 0.450107
vt 0.896551 0.475612
vt 0.514212 0.734064
vt 0.512649 0.680687
vt 0.394422 0.735633
vt 0.394585 0.682231
vt 0.505045 0.935546
vt 0.515335 0.869459
vt 0.396867 0.871026
vt 0.408903 0.936819
vt 0.484113 0.937314
vt 0.456999 0.938061
vt 0.429874 0.938032
vt 0.480132 0.613120
vt 0.452729 0.613552
vt 0.425324 0.613836
vt 0.403828 0.614203
vt 0.501630 0.612924
vt 0.486690 0.680939
vt 0.453614 0.681288
vt 0.420541 0.681804
vt 0.456103 0.870398
vt 0.489140 0.869693
vt 0.423058 0.870566
vt 0.487775 0.734652
vt 0.454313 0.735099
vt 0.420867 0.735526
vt 0.301603 0.965071
vt 0.389373 0.931954
vt 0.356359 0.844602
vt 0.268625 0.877815
vt 0.294573 0.945805
vt 0.285597 0.921260
vt 0.276095 0.896915
vt 0.381853 0.912837
vt 0.372284 0.888498
vt 0.363363 0.863914
vt 0.818807 0.369028
vt 0.832513 0.373385
vt 0.583230 0.328525
vt 0.603139 0.329908
vt 0.717459 0.345480
vt 0.702042 0.342822
vt 0.686622 0.340178
vt 0.671112 0.337851
vt 0.732856 0.348466
vt 0.799579 0.363681
vt 0.263396 0.152181
vt 0.790326 0.241409
vt 0.327718 0.016400
vt 0.302859 0.159057
vt 0.749651 0.240025
vt 0.524335 0.814491
vt 0.514889 0.774643
vt 0.515381 0.815086
vt 0.488458 0.774984
vt 0.488983 0.815122
vt 0.454855 0.775451
vt 0.455379 0.815604
vt 0.421773 0.816010
vt 0.421235 0.775876
vt 0.395382 0.816672
vt 0.394806 0.776225
vt 0.764685 0.383933
vt 0.725381 0.376218
vt 0.213662 0.438193
vt 0.253204 0.444948
vt 0.238487 0.295424
vt 0.277955 0.302272
vt 0.638541 0.333437
vt 0.655264 0.335750
vt 0.748496 0.351779
vt 0.765031 0.355184
vt 0.782735 0.359533
vt 0.620402 0.331623
vt 0.572434 0.154427
vt 0.590544 0.163729
vt 0.619016 0.161702
vt 0.635626 0.149928
vt 0.584259 0.084177
vt 0.570520 0.093286
vt 0.628858 0.089132
vt 0.613967 0.082061
vt 0.598917 0.080364
vt 0.604958 0.165214
vt 0.645669 0.117127
vt 0.639985 0.100951
vt 0.561180 0.106562
vt 0.557846 0.123380
vt 0.561948 0.141033
vt 0.644108 0.135184
vt 0.229557 0.803295
vt 0.217720 0.817970
vt 0.358738 0.644593
vt 0.346782 0.659171
vt 0.279680 0.741230
vt 0.269877 0.753356
vt 0.306103 0.708817
vt 0.296228 0.720885
vt 0.287974 0.731074
vt 0.209192 0.828598
vt 0.326311 0.684131
vt 0.316248 0.696381
vt 0.259767 0.765822
vt 0.249824 0.778169
vt 0.238629 0.792104
vt 0.337673 0.670332
vt 0.593287 0.717955
vt 0.575924 0.725215
vt 0.549786 0.721288
vt 0.535323 0.709244
vt 0.587261 0.652630
vt 0.599525 0.661728
vt 0.545885 0.653669
vt 0.560282 0.648577
vt 0.574165 0.647984
vt 0.562440 0.726016
vt 0.527985 0.679221
vt 0.534185 0.664671
vt 0.607475 0.675684
vt 0.609125 0.691414
vt 0.603623 0.708198
vt 0.528311 0.696881
vt 0.068972 0.334184
vt 0.049980 0.338129
vt 0.022182 0.327540
vt 0.010545 0.312013
vt 0.080151 0.266000
vt 0.088919 0.277440
vt 0.033176 0.256419
vt 0.047309 0.253640
vt 0.065003 0.256491
vt 0.035114 0.335354
vt 0.009468 0.279381
vt 0.019850 0.264405
vt 0.093599 0.292273
vt 0.091426 0.310421
vt 0.082674 0.324790
vt 0.006510 0.295906
vt 0.538728 0.069769
vt 0.554632 0.081138
vt 0.584276 0.083333
vt 0.601680 0.074424
vt 0.557717 0.002509
vt 0.544989 0.009233
vt 0.604394 0.013634
vt 0.592798 0.005110
vt 0.575540 0.000000
vt 0.569249 0.085005
vt 0.616455 0.044687
vt 0.613468 0.027157
vt 0.534020 0.021277
vt 0.528485 0.038181
vt 0.530268 0.055149
vt 0.612196 0.061206
vt 0.184601 0.861189
vt 0.168026 0.867120
vt 0.358159 0.799033
vt 0.341586 0.804972
vt 0.246553 0.839101
vt 0.232580 0.844076
vt 0.293650 0.822206
vt 0.279696 0.827232
vt 0.263073 0.833022
vt 0.154142 0.872109
vt 0.316841 0.813759
vt 0.304616 0.818058
vt 0.221475 0.847831
vt 0.209300 0.852271
vt 0.196520 0.856850
vt 0.329623 0.809185
vt 0.926468 0.730595
vt 0.908700 0.735745
vt 0.884024 0.732248
vt 0.868387 0.722368
vt 0.921517 0.672002
vt 0.933895 0.680170
vt 0.875251 0.671866
vt 0.889410 0.667453
vt 0.906453 0.662742
vt 0.895595 0.739409
vt 0.871640 0.697101
vt 0.873599 0.683471
vt 0.932261 0.691777
vt 0.930362 0.705417
vt 0.928453 0.718859
vt 0.869741 0.710543
vt 0.801459 0.344475
vt 0.821146 0.347216
vt 0.592210 0.320792
vt 0.612004 0.322607
vt 0.725950 0.336184
vt 0.742248 0.337898
vt 0.671156 0.329692
vt 0.687416 0.331736
vt 0.706678 0.334004
vt 0.837170 0.349020
vt 0.642650 0.326634
vt 0.659336 0.328258
vt 0.754084 0.339194
vt 0.770701 0.341414
vt 0.786654 0.342653
vt 0.626834 0.324206
vt 0.798068 0.709961
vt 0.817066 0.713680
vt 0.845943 0.702000
vt 0.857015 0.686120
vt 0.785778 0.645169
vt 0.776837 0.659541
vt 0.837217 0.635116
vt 0.820799 0.631002
vt 0.801579 0.633859
vt 0.832685 0.710756
vt 0.857201 0.656847
vt 0.847727 0.642442
vt 0.774378 0.672115
vt 0.777585 0.689056
vt 0.785955 0.701597
vt 0.859906 0.671683
vt 0.751138 0.612833
vt 0.754316 0.628446
vt 0.714744 0.443485
vt 0.718232 0.459031
vt 0.738081 0.552524
vt 0.741126 0.565705
vt 0.728380 0.506130
vt 0.730996 0.519403
vt 0.734541 0.535963
vt 0.757696 0.642722
vt 0.722903 0.481667
vt 0.725466 0.493594
vt 0.743596 0.578336
vt 0.746138 0.590268
vt 0.749242 0.604823
vt 0.719780 0.467116
vt 0.058931 0.906737
vt 0.059217 0.921747
vt 0.007934 0.745322
vt 0.015739 0.758147
vt 0.049049 0.847393
vt 0.052402 0.859882
vt 0.035344 0.801200
vt 0.039209 0.813541
vt 0.044765 0.830282
vt 0.059939 0.937684
vt 0.025157 0.779248
vt 0.029951 0.790470
vt 0.053602 0.871832
vt 0.055570 0.883875
vt 0.057637 0.898612
vt 0.019002 0.765699
vt 0.680983 0.596832
vt 0.683506 0.612293
vt 0.636677 0.403499
vt 0.640999 0.418557
vt 0.664771 0.522261
vt 0.668929 0.541829
vt 0.653590 0.473440
vt 0.658187 0.492909
vt 0.659932 0.507932
vt 0.686864 0.632120
vt 0.646024 0.441148
vt 0.650822 0.460525
vt 0.671941 0.554689
vt 0.675878 0.574259
vt 0.679215 0.588876
vt 0.642798 0.426506
vt 0.480255 0.289673
vt 0.494435 0.294058
vt 0.532848 0.287514
vt 0.544775 0.278681
vt 0.486894 0.224100
vt 0.471018 0.235586
vt 0.535581 0.224589
vt 0.516798 0.219006
vt 0.500688 0.214758
vt 0.515135 0.299554
vt 0.545978 0.255725
vt 0.541107 0.236550
vt 0.469765 0.248705
vt 0.471518 0.268412
vt 0.476712 0.282343
vt 0.545691 0.270591
vt 0.699312 0.005220
vt 0.690500 0.003470
vt 0.854051 0.031672
vt 0.845161 0.030369
vt 0.760377 0.015403
vt 0.743724 0.012661
vt 0.800822 0.022506
vt 0.784213 0.019513
vt 0.772309 0.017374
vt 0.671233 0.000000
vt 0.825825 0.026757
vt 0.812212 0.024396
vt 0.732359 0.010626
vt 0.718742 0.008292
vt 0.704307 0.006100
vt 0.840160 0.029526
vt 0.610319 0.414406
vt 0.602044 0.417852
vt 0.566129 0.417347
vt 0.557955 0.413670
vt 0.597667 0.362727
vt 0.610828 0.369165
vt 0.558720 0.368431
vt 0.572057 0.362367
vt 0.584944 0.356696
vt 0.583973 0.425691
vt 0.558381 0.392644
vt 0.558564 0.379887
vt 0.610660 0.380622
vt 0.610485 0.393378
vt 0.610291 0.407976
vt 0.558164 0.407242
vt 0.650768 0.232414
vt 0.636068 0.229510
vt 0.858013 0.271151
vt 0.843260 0.268530
vt 0.730512 0.248015
vt 0.710420 0.244112
vt 0.783425 0.257810
vt 0.763284 0.254164
vt 0.746882 0.251176
vt 0.614389 0.225130
vt 0.813627 0.263225
vt 0.797452 0.260484
vt 0.696377 0.241520
vt 0.680309 0.238211
vt 0.663358 0.234883
vt 0.830631 0.266268
vt 0.793518 0.922575
vt 0.785980 0.935221
vt 0.971952 0.943722
vt 0.965599 0.930441
vt 0.862669 0.887161
vt 0.844539 0.889810
vt 0.917780 0.893157
vt 0.899967 0.888866
vt 0.881466 0.884767
vt 0.774378 0.954585
vt 0.944177 0.909193
vt 0.930979 0.900621
vt 0.830714 0.896038
vt 0.816789 0.903370
vt 0.803838 0.913508
vt 0.956149 0.920470
vt 0.712222 0.952877
vt 0.726619 0.952864
vt 0.542245 0.954441
vt 0.556640 0.954208
vt 0.648950 0.954221
vt 0.664875 0.953272
vt 0.603987 0.953793
vt 0.619927 0.954469
vt 0.634429 0.953282
vt 0.742824 0.952344
vt 0.579022 0.954103
vt 0.590424 0.953919
vt 0.678439 0.953167
vt 0.689842 0.953155
vt 0.701946 0.952835
vt 0.566914 0.953990
vt 0.955015 0.761346
vt 0.949269 0.771384
vt 0.871528 0.645102
vt 0.883078 0.644492
vt 0.953325 0.702160
vt 0.958123 0.713832
vt 0.926900 0.663115
vt 0.935162 0.672656
vt 0.946742 0.685870
vt 0.940144 0.787880
vt 0.904032 0.653737
vt 0.914729 0.657977
vt 0.957230 0.727014
vt 0.956198 0.738474
vt 0.955640 0.750569
vt 0.892981 0.648788
vt 0.896514 0.234072
vt 0.896216 0.251666
vt 0.902826 0.020743
vt 0.902118 0.038325
vt 0.898496 0.160308
vt 0.898590 0.174403
vt 0.900777 0.098015
vt 0.899876 0.112081
vt 0.898862 0.136185
vt 0.895489 0.272401
vt 0.901601 0.067768
vt 0.901320 0.081734
vt 0.898201 0.190688
vt 0.897683 0.204647
vt 0.897087 0.219582
vt 0.901861 0.052824
vt 0.249827 0.605516
vt 0.257569 0.621317
vt 0.364991 0.462005
vt 0.347440 0.460751
vt 0.255451 0.532322
vt 0.249563 0.545040
vt 0.291276 0.483178
vt 0.281692 0.493404
vt 0.265143 0.510552
vt 0.266156 0.639598
vt 0.319788 0.471905
vt 0.306814 0.477081
vt 0.249736 0.561731
vt 0.249801 0.575700
vt 0.249655 0.590648
vt 0.333592 0.466166
vt 0.516357 0.143810
vt 0.509891 0.159887
vt 0.420132 0.024987
vt 0.437459 0.025233
vt 0.510841 0.085483
vt 0.515110 0.095163
vt 0.481849 0.045174
vt 0.489129 0.052851
vt 0.502795 0.067297
vt 0.505267 0.172057
vt 0.458728 0.034602
vt 0.468664 0.039149
vt 0.515575 0.109651
vt 0.515930 0.120573
vt 0.516077 0.132140
vt 0.448115 0.029999
vt 0.003901 0.652816
vt 0.002319 0.673911
vt 0.031580 0.436750
vt 0.027987 0.457597
vt 0.013238 0.582111
vt 0.011805 0.593813
vt 0.021313 0.516751
vt 0.019859 0.528451
vt 0.016270 0.555247
vt 0.000000 0.690907
vt 0.024615 0.487596
vt 0.023124 0.502366
vt 0.010065 0.608208
vt 0.007922 0.622897
vt 0.006244 0.637901
vt 0.026635 0.472634
vt 0.006659 0.040949
vt 0.018270 0.022215
vt 0.046533 0.007073
vt 0.068563 0.007790
vt 0.047770 0.091760
vt 0.034507 0.092670
vt 0.096179 0.059621
vt 0.088082 0.070161
vt 0.072731 0.089924
vt 0.028129 0.006666
vt 0.082942 0.034610
vt 0.090074 0.047961
vt 0.028173 0.081131
vt 0.021014 0.067787
vt 0.013770 0.054265
vt 0.075704 0.021088
vt 0.466651 0.410569
vt 0.450775 0.430598
vt 0.421594 0.462479
vt 0.403044 0.480061
vt 0.910825 0.820859
vt 0.915594 0.804415
vt 0.344983 0.522605
vt 0.851763 0.885576
vt 0.876594 0.875408
vt 0.437356 0.447611
vt 0.364949 0.506796
vt 0.355576 0.513297
vt 0.495572 0.360354
vt 0.489922 0.370264
vt 0.479183 0.389258
vt 0.382922 0.494424
vt 0.488672 0.433400
vt 0.474734 0.454152
vt 0.447168 0.484268
vt 0.427728 0.499984
vt 0.866651 0.805948
vt 0.871851 0.790087
vt 0.373225 0.559077
vt 0.832886 0.842945
vt 0.858429 0.832351
vt 0.461948 0.470122
vt 0.395093 0.520800
vt 0.383311 0.533857
vt 0.518497 0.386168
vt 0.506529 0.399055
vt 0.496195 0.415305
vt 0.410368 0.509073
vt 0.858222 0.768030
vt 0.528984 0.411041
vt 0.409013 0.542111
vt 0.794357 0.838009
vt 0.420252 0.532263
vt 0.520166 0.423105
vt 0.511332 0.436855
vt 0.433169 0.522251
vt 0.503728 0.449294
vt 0.444889 0.513580
vt 0.488823 0.468298
vt 0.462503 0.497055
vt 0.475786 0.482789
vt 0.502579 0.482566
vt 0.490322 0.496095
vt 0.477929 0.509499
vt 0.518853 0.465540
vt 0.462407 0.527213
vt 0.525405 0.455198
vt 0.452683 0.534653
vt 0.532089 0.444128
vt 0.442247 0.542287
vt 0.432996 0.549301
vt 0.538260 0.434295
vt 0.841253 0.748141
vt 0.773003 0.822923
vt 0.505483 0.509971
vt 0.516958 0.496829
vt 0.176489 0.769990
vt 0.176162 0.788255
vt 0.493407 0.522563
vt 0.194374 0.789119
vt 0.532740 0.480313
vt 0.555977 0.505726
vt 0.478349 0.539743
vt 0.505719 0.560646
vt 0.538101 0.471866
vt 0.562270 0.499263
vt 0.470409 0.545829
vt 0.499838 0.567486
vt 0.545225 0.463402
vt 0.568969 0.492282
vt 0.462607 0.553673
vt 0.493477 0.574776
vt 0.456674 0.559859
vt 0.488140 0.580492
vt 0.550864 0.456946
vt 0.574191 0.486461
vt 0.819841 0.730783
vt 0.790529 0.709652
vt 0.753764 0.803181
vt 0.482667 0.586492
vt 0.848718 0.788935
vt 0.814309 0.826639
vt 0.835244 0.811191
vt 0.828994 0.768880
vt 0.792538 0.808825
vt 0.812601 0.790527
vt 0.808011 0.752434
vt 0.774249 0.789428
vt 0.791533 0.771299
vt 0.394449 0.554162
vt 0.422311 0.583937
vt 0.422529 0.555810
vt 0.585514 0.533369
vt 0.568829 0.551992
vt 0.225214 0.760229
vt 0.535864 0.587611
vt 0.590663 0.529138
vt 0.532110 0.593119
vt 0.757170 0.685375
vt 0.600388 0.519705
vt 0.523583 0.603646
vt 0.519629 0.609094
vt 0.595641 0.524408
vt 0.527844 0.598499
vt 0.363160 0.585381
vt 0.718926 0.729281
vt 0.398199 0.949464
vt 0.358285 0.964301
vt 0.463378 0.959764
vt 0.422333 0.948422
vt 0.410064 0.944255
vt 0.400065 0.982258
vt 0.411697 0.982071
vt 0.423301 0.981255
vt 0.209639 0.744650
vt 0.464377 0.979673
vt 0.411292 0.972691
vt 0.399648 0.974091
vt 0.399330 0.968213
vt 0.410998 0.965892
vt 0.423012 0.973082
vt 0.422823 0.967199
vt 0.358699 0.975689
vt 0.358827 0.979261
vt 0.464127 0.974715
vt 0.463947 0.971146
vt 0.625530 0.573566
vt 0.609847 0.589963
vt 0.265613 0.720978
vt 0.579509 0.623908
vt 0.629112 0.569773
vt 0.576055 0.627816
vt 0.711913 0.652010
vt 0.634104 0.565879
vt 0.572625 0.633138
vt 0.570108 0.637478
vt 0.631433 0.567577
vt 0.574075 0.630325
vt 0.323518 0.626991
vt 0.678777 0.689043
vt 0.302240 0.973017
vt 0.519966 0.963618
vt 0.251114 0.705681
vt 0.520233 0.973256
vt 0.302562 0.978522
vt 0.302663 0.980248
vt 0.520167 0.970858
vt 0.520119 0.969130
vt 0.662538 0.614065
vt 0.651155 0.627443
vt 0.305125 0.684058
vt 0.623288 0.657186
vt 0.664064 0.615423
vt 0.624786 0.658583
vt 0.668346 0.619777
vt 0.667408 0.618482
vt 0.628149 0.661632
vt 0.629527 0.662446
vt 0.665444 0.616693
vt 0.626182 0.659840
vt 0.286724 0.663433
vt 0.639102 0.650734
vt 0.249563 0.977173
vt 0.302660 0.680921
vt 0.288556 0.668847
vt 0.572789 0.964493
vt 0.249588 0.977866
vt 0.288972 0.668725
vt 0.572847 0.964131
vt 0.302127 0.681524
vt 0.305438 0.684214
vt 0.305800 0.684239
vt 0.286609 0.665190
vt 0.286597 0.664819
vt 0.286650 0.664173
vt 0.306438 0.684207
vt 0.289491 0.668335
vt 0.302407 0.975872
vt 0.358501 0.970205
vt 0.398793 0.959170
vt 0.410548 0.955476
vt 0.422578 0.958143
vt 0.463671 0.965665
vt 0.520045 0.966476
vt 0.572823 0.963577
vt 0.808922 0.240287
vt 0.802608 0.239071
vt 0.669512 0.216121
vt 0.663155 0.215151
vt 0.775755 0.233835
vt 0.764391 0.232362
vt 0.707769 0.222598
vt 0.696568 0.220181
vt 0.788273 0.236302
vt 0.683946 0.218313
vt 0.817758 0.241787
vt 0.634916 0.210254
vt 0.837170 0.245130
vt 0.749937 0.229971
vt 0.736077 0.227496
vt 0.654327 0.213605
vt 0.513757 0.291468
vt 0.873367 0.034855
vt 0.722188 0.225186
vt 0.537183 0.275135
vt 0.536552 0.270102
vt 0.485174 0.278855
vt 0.486245 0.283812
vt 0.531801 0.242088
vt 0.529825 0.230716
vt 0.478478 0.239462
vt 0.480380 0.250849
vt 0.534122 0.255706
vt 0.482700 0.264469
vt 0.529772 0.280210
vt 0.513663 0.225878
vt 0.502023 0.222594
vt 0.494918 0.286148
vt 0.492128 0.229547
vt 0.947860 0.942490
vt 0.939675 0.936276
vt 0.818801 0.930751
vt 0.810084 0.936193
vt 0.921149 0.921807
vt 0.910291 0.913678
vt 0.850124 0.910928
vt 0.838570 0.918032
vt 0.930278 0.928641
vt 0.828856 0.924005
vt 0.954348 0.955342
vt 0.794470 0.962513
vt 0.961007 0.970125
vt 0.894856 0.909644
vt 0.880409 0.907907
vt 0.802450 0.948399
vt 0.605556 0.268886
vt 0.872176 0.318910
vt 0.981739 0.964063
vt 0.865864 0.908319
vt 0.835438 0.312482
vt 0.821918 0.310050
vt 0.655608 0.278846
vt 0.642126 0.276212
vt 0.790277 0.304164
vt 0.775399 0.301235
vt 0.702159 0.287493
vt 0.687231 0.284831
vt 0.805750 0.307033
vt 0.671769 0.281895
vt 0.849936 0.315043
vt 0.757516 0.297246
vt 0.738945 0.293478
vt 0.627685 0.273344
vt 0.583827 0.436011
vt 0.879805 0.274928
vt 0.720271 0.290258
vt 0.550302 0.420119
vt 0.545972 0.408039
vt 0.622455 0.409115
vt 0.617787 0.421068
vt 0.545892 0.374804
vt 0.550906 0.361429
vt 0.618835 0.362385
vt 0.623470 0.375897
vt 0.543165 0.390990
vt 0.625741 0.392152
vt 0.563779 0.426670
vt 0.569589 0.353065
vt 0.585082 0.346903
vt 0.604131 0.427237
vt 0.600395 0.353498
vt 0.255519 0.486963
vt 0.254106 0.501992
vt 0.234030 0.664714
vt 0.231747 0.679635
vt 0.250105 0.532206
vt 0.248619 0.545294
vt 0.239232 0.621376
vt 0.237492 0.634433
vt 0.252221 0.517215
vt 0.235900 0.649489
vt 0.258577 0.465130
vt 0.227329 0.719847
vt 0.261013 0.446884
vt 0.247091 0.558505
vt 0.243820 0.583322
vt 0.229406 0.701557
vt 0.526592 0.184692
vt 0.403704 0.000000
vt 0.033468 0.419701
vt 0.240961 0.608190
vt 0.441962 0.001508
vt 0.455924 0.007254
vt 0.540073 0.133724
vt 0.539979 0.148821
vt 0.483250 0.019485
vt 0.496436 0.025513
vt 0.538880 0.089303
vt 0.539346 0.103794
vt 0.469594 0.013663
vt 0.539442 0.118639
vt 0.420857 0.000063
vt 0.504670 0.033951
vt 0.522879 0.053934
vt 0.533160 0.168846
vt 0.284565 0.626602
vt 0.380011 0.485051
vt 0.407121 0.024551
vt 0.534277 0.078449
vt 0.349736 0.483001
vt 0.338796 0.487075
vt 0.270991 0.587635
vt 0.271316 0.599303
vt 0.317908 0.495421
vt 0.304429 0.500754
vt 0.270788 0.550645
vt 0.270897 0.565141
vt 0.328106 0.491493
vt 0.271079 0.576067
vt 0.367038 0.483967
vt 0.297215 0.508493
vt 0.283637 0.523022
vt 0.278697 0.614981
vt 0.975146 0.274535
vt 0.982936 0.002426
vt 0.385158 0.463112
vt 0.275258 0.541057
vt 0.981785 0.040200
vt 0.981518 0.055067
vt 0.976742 0.221900
vt 0.976159 0.236757
vt 0.981124 0.083982
vt 0.980599 0.100665
vt 0.978433 0.176324
vt 0.978003 0.193009
vt 0.981419 0.070016
vt 0.977499 0.206969
vt 0.982493 0.022619
vt 0.980342 0.114678
vt 0.979567 0.138496
vt 0.975859 0.254350
vt 0.957956 0.802365
vt 0.847778 0.623395
vt 0.903287 0.000000
vt 0.978978 0.162319
vt 0.886088 0.621845
vt 0.899488 0.627389
vt 0.977676 0.754397
vt 0.976592 0.768857
vt 0.926190 0.638485
vt 0.941145 0.644943
vt 0.980763 0.709298
vt 0.979795 0.725559
vt 0.913297 0.633108
vt 0.978789 0.739491
vt 0.868499 0.622324
vt 0.950159 0.655779
vt 0.965843 0.674110
vt 0.968243 0.784347
vt 0.741246 0.788882
vt 0.524815 0.790733
vt 0.852690 0.645821
vt 0.975148 0.696370
vt 0.555229 0.790392
vt 0.566024 0.790363
vt 0.700037 0.789216
vt 0.710831 0.789061
vt 0.589630 0.790060
vt 0.602840 0.789855
vt 0.663217 0.789338
vt 0.676428 0.789317
vt 0.578131 0.790477
vt 0.687933 0.789537
vt 0.543667 0.790692
vt 0.615461 0.789874
vt 0.633030 0.789801
vt 0.722396 0.789163
vt 0.526033 0.954199
vt 0.650599 0.789574
vt 0.683885 0.408101
vt 0.685692 0.416031
vt 0.722473 0.580028
vt 0.724227 0.587971
vt 0.693653 0.449737
vt 0.696386 0.462613
vt 0.712249 0.533341
vt 0.715276 0.546151
vt 0.688908 0.430539
vt 0.719186 0.565537
vt 0.680073 0.393763
vt 0.730875 0.623606
vt 0.674677 0.373040
vt 0.700905 0.481672
vt 0.704894 0.497848
vt 0.726903 0.602564
vt 0.121537 0.938346
vt 0.051645 0.697902
vt 0.631246 0.384138
vt 0.708195 0.514178
vt 0.070886 0.728061
vt 0.074353 0.735437
vt 0.120586 0.894487
vt 0.121613 0.902572
vt 0.088793 0.767270
vt 0.093668 0.779546
vt 0.113246 0.846897
vt 0.115711 0.859873
vt 0.080583 0.749075
vt 0.118533 0.879634
vt 0.062432 0.714873
vt 0.100095 0.798490
vt 0.103254 0.813280
vt 0.121546 0.918237
vt 0.912754 0.609134
vt 0.867214 0.396277
vt 0.000000 0.731481
vt 0.108516 0.827460
vt 0.873535 0.426588
vt 0.875081 0.434668
vt 0.904225 0.570885
vt 0.906120 0.578891
vt 0.880504 0.461203
vt 0.883500 0.472832
vt 0.896290 0.532617
vt 0.898314 0.544455
vt 0.878205 0.449219
vt 0.901120 0.556331
vt 0.870235 0.411942
vt 0.885990 0.485522
vt 0.889683 0.502770
vt 0.909101 0.593604
vt 0.830925 0.706406
vt 0.711987 0.429076
vt 0.893370 0.520020
vt 0.851937 0.684204
vt 0.848953 0.676531
vt 0.797198 0.697467
vt 0.800387 0.705054
vt 0.838772 0.651438
vt 0.833884 0.639535
vt 0.782305 0.660398
vt 0.787069 0.672354
vt 0.843402 0.662724
vt 0.791589 0.683685
vt 0.841409 0.696153
vt 0.820385 0.638692
vt 0.803451 0.638488
vt 0.816260 0.706325
vt 0.791422 0.650408
vt 0.615210 0.287742
vt 0.629839 0.289338
vt 0.791671 0.308017
vt 0.806279 0.309796
vt 0.661917 0.293197
vt 0.674644 0.294612
vt 0.746844 0.302946
vt 0.759558 0.304467
vt 0.644818 0.291033
vt 0.776701 0.306255
vt 0.595984 0.285527
vt 0.841245 0.314117
vt 0.691475 0.296350
vt 0.710708 0.299092
vt 0.825505 0.312019
vt 0.730059 0.300803
vt 0.070236 0.000904
vt 0.087855 0.017582
vt 0.004116 0.062435
vt 0.000000 0.038524
vt 0.100553 0.047731
vt 0.103078 0.061606
vt 0.032342 0.099514
vt 0.022180 0.089728
vt 0.098134 0.036620
vt 0.014266 0.081550
vt 0.045443 0.000287
vt 0.024558 0.000000
vt 0.092668 0.075271
vt 0.076364 0.096702
vt 0.013226 0.017546
vt 0.049487 0.098408
vt 0.895227 0.742002
vt 0.576196 0.318897
vt 0.580180 0.283984
vt 0.865197 0.723389
vt 0.859119 0.709763
vt 0.938874 0.721059
vt 0.929248 0.732463
vt 0.864937 0.678171
vt 0.873010 0.669419
vt 0.936726 0.678440
vt 0.942054 0.689089
vt 0.858789 0.693767
vt 0.943633 0.705780
vt 0.880016 0.736642
vt 0.887528 0.661811
vt 0.906841 0.660005
vt 0.911329 0.741080
vt 0.924892 0.667103
vt 0.353066 0.836714
vt 0.341842 0.840678
vt 0.207070 0.888941
vt 0.195881 0.893003
vt 0.316071 0.849819
vt 0.305031 0.853754
vt 0.243814 0.875676
vt 0.232785 0.879644
vt 0.329048 0.845215
vt 0.219836 0.884324
vt 0.370492 0.830479
vt 0.165662 0.903880
vt 0.383321 0.825936
vt 0.290986 0.858522
vt 0.274378 0.864590
vt 0.178458 0.899247
vt 0.569516 0.081395
vt 0.372054 0.794073
vt 0.257693 0.870444
vt 0.599839 0.070142
vt 0.601008 0.057517
vt 0.541876 0.053145
vt 0.541178 0.065804
vt 0.602903 0.031053
vt 0.603644 0.019354
vt 0.544888 0.015002
vt 0.543896 0.026686
vt 0.601852 0.043968
vt 0.543036 0.039619
vt 0.583411 0.076447
vt 0.590701 0.012116
vt 0.575269 0.003657
vt 0.556500 0.074454
vt 0.558758 0.009747
vt 0.004575 0.314625
vt 0.000000 0.295657
vt 0.087702 0.328927
vt 0.071712 0.340096
vt 0.015087 0.259344
vt 0.031099 0.249592
vt 0.094987 0.273686
vt 0.100523 0.291647
vt 0.003716 0.276278
vt 0.097785 0.311933
vt 0.017763 0.332364
vt 0.032731 0.341645
vt 0.047447 0.246932
vt 0.067252 0.250495
vt 0.050092 0.344666
vt 0.084466 0.260867
vt 0.532962 0.711489
vt 0.525501 0.696598
vt 0.606393 0.708753
vt 0.594885 0.720794
vt 0.531756 0.662670
vt 0.543168 0.651836
vt 0.602661 0.660776
vt 0.610385 0.674485
vt 0.524815 0.679710
vt 0.612012 0.692813
vt 0.547689 0.723989
vt 0.562009 0.728880
vt 0.556544 0.645957
vt 0.574637 0.644842
vt 0.577134 0.728414
vt 0.591603 0.651225
vt 0.366462 0.675138
vt 0.357543 0.686206
vt 0.258217 0.808323
vt 0.249199 0.819310
vt 0.336270 0.712057
vt 0.326117 0.724501
vt 0.289309 0.769756
vt 0.279194 0.782231
vt 0.346312 0.699837
vt 0.269275 0.794551
vt 0.378435 0.660618
vt 0.228992 0.844544
vt 0.387051 0.650215
vt 0.316436 0.736311
vt 0.307683 0.747105
vt 0.237421 0.833990
vt 0.604733 0.162047
vt 0.367407 0.634079
vt 0.298899 0.757872
vt 0.633303 0.147750
vt 0.640897 0.135507
vt 0.565173 0.140898
vt 0.574425 0.151942
vt 0.637587 0.102742
vt 0.626414 0.091219
vt 0.573236 0.095005
vt 0.563807 0.107995
vt 0.642753 0.117728
vt 0.560817 0.123562
vt 0.617934 0.158667
vt 0.612232 0.084734
vt 0.599157 0.083739
vt 0.591186 0.160572
vt 0.586356 0.086576
vt 0.603979 0.322952
vt 0.620908 0.324593
vt 0.784605 0.352737
vt 0.801111 0.356844
vt 0.655891 0.328992
vt 0.671998 0.330966
vt 0.734321 0.341681
vt 0.750163 0.345200
vt 0.638917 0.326607
vt 0.766958 0.348620
vt 0.583661 0.321676
vt 0.834509 0.366771
vt 0.569183 0.321154
vt 0.688309 0.333332
vt 0.703200 0.336089
vt 0.820688 0.362428
vt 0.247589 0.223220
vt 0.568856 0.328055
vt 0.718156 0.338463
vt 0.255682 0.256283
vt 0.267828 0.268661
vt 0.281981 0.187276
vt 0.266370 0.194828
vt 0.302195 0.272760
vt 0.315883 0.264496
vt 0.325809 0.207418
vt 0.315714 0.195019
vt 0.285342 0.273707
vt 0.300169 0.188439
vt 0.248742 0.237563
vt 0.325738 0.252288
vt 0.331804 0.237862
vt 0.253518 0.210108
vt 0.330964 0.222235
vt 0.763441 0.390356
vt 0.817254 0.400782
vt 0.386415 0.816313
vt 0.387802 0.871383
vt 0.788948 0.247793
vt 0.523915 0.774012
vt 0.288216 0.009412
vt 0.750958 0.233621
vt 0.684539 0.374863
vt 0.724062 0.382620
vt 0.385354 0.735192
vt 0.385767 0.775832
vt 0.710126 0.232216
vt 0.521370 0.679528
vt 0.367407 0.023413
vt 0.658412 0.215372
vt 0.995328 0.457635
vt 0.989508 0.429220
vt 0.009289 0.211427
vt 0.013918 0.182602
vt 0.426839 0.945783
vt 0.457104 0.946007
vt 0.569806 0.309820
vt 0.575115 0.280243
vt 0.268519 0.896798
vt 0.278539 0.923928
vt 0.459358 0.289840
vt 0.464272 0.260897
vt 0.983273 0.400893
vt 0.019268 0.153904
vt 0.487352 0.944983
vt 0.580479 0.250621
vt 0.288967 0.950904
vt 0.469458 0.231998
vt 0.556345 0.329329
vt 0.260573 0.875563
vt 0.455298 0.312523
vt 0.357392 0.836428
vt 0.473323 0.209275
vt 0.396961 0.935167
vt 0.574478 0.227725
vt 0.299347 0.973122
vt 0.565580 0.332991
vt 0.396591 0.608783
vt 0.584655 0.227197
vt 0.506576 0.605323
vt 0.005659 0.234057
vt 0.897453 0.503895
vt 0.107797 0.251449
vt 1.000000 0.479918
vt 0.023470 0.131378
vt 0.873469 0.400611
vt 0.125539 0.149463
vt 0.976453 0.377238
vt 0.890717 0.388538
vt 0.909948 0.284296
vt 0.842334 0.258344
vt 0.087031 0.399923
vt 0.106168 0.288440
vt 0.136484 0.114094
vt 0.156099 0.002694
vt 0.843714 0.252067
vt 0.633531 0.358184
vt 0.443335 0.346877
vt 0.423780 0.458548
vt 0.345714 0.460753
vt 0.492877 0.061172
vt 0.473592 0.172891
vt 0.249600 0.978086
vt 0.289185 0.668577
vt 0.301973 0.681733
vt 0.572839 0.963910
vt 0.249576 0.977533
vt 0.289802 0.668065
vt 0.302379 0.681224
vt 0.572805 0.963219
vt 0.652718 0.628221
vt 0.286754 0.665527
vt 0.636503 0.646121
vt 0.635586 0.644638
vt 0.653868 0.628743
vt 0.637130 0.647216
vt 0.655635 0.629540
vt 0.638089 0.648902
vt 0.307167 0.684157
vt 0.657552 0.630377
vt 0.301840 0.682142
vt 0.249688 0.978442
vt 0.262771 0.718393
vt 0.302804 0.982643
vt 0.339889 0.644744
vt 0.328531 0.632225
vt 0.344837 0.650034
vt 0.699444 0.666482
vt 0.667836 0.609770
vt 0.665658 0.611466
vt 0.620979 0.660527
vt 0.619485 0.662848
vt 0.621992 0.658871
vt 0.664100 0.612624
vt 0.618515 0.664192
vt 0.665507 0.702785
vt 0.669087 0.608683
vt 0.638201 0.562982
vt 0.594416 0.606806
vt 0.248661 0.702727
vt 0.221765 0.757308
vt 0.359005 0.984222
vt 0.381845 0.605764
vt 0.369994 0.593105
vt 0.389107 0.613086
vt 0.743125 0.702829
vt 0.702818 0.744852
vt 0.605463 0.515283
vt 0.552909 0.569317
vt 0.206916 0.741046
vt 0.191271 0.785556
vt 0.179862 0.773297
vt 0.179507 0.785116
vt 0.413548 0.576923
vt 0.414215 0.563590
vt 0.400870 0.563369
vt 0.749524 0.759928
vt 0.776376 0.730488
vt 0.730053 0.775908
vt 0.579684 0.480479
vt 0.522753 0.541494
vt 0.538404 0.524385
vt 0.777041 0.758070
vt 0.556676 0.450800
vt 0.451064 0.566191
vt 0.425368 0.554332
vt 0.542599 0.426253
vt 0.521449 0.524584
vt 0.398860 0.552611
vt 0.538548 0.400003
vt 0.817566 0.849570
vt 0.542729 0.373898
vt 0.902964 0.846512
vt 0.835823 0.891825
vt 0.503910 0.348982
vt 0.900255 0.368827
vt 0.906122 0.337354
vt 0.911953 0.305901
vt 0.000000 0.238092
vt 0.019502 0.125670
vn 1.000000 -0.000086 0.000050
vn 1.000000 -0.000086 0.000050
vn 0.994013 -0.109261 -0.000002
vn 0.994026 -0.109141 -0.000002
vn -1.000000 -0.000086 0.000050
vn -1.000000 -0.000086 0.000050
vn -0.994026 -0.109141 -0.000002
vn -0.994013 -0.109261 -0.000002
vn 0.978566 -0.205936 -0.000083
vn 0.978566 -0.205936 -0.000083
vn -0.978566 -0.205936 -0.000083
vn -0.978566 -0.205936 -0.000083
vn 0.038403 -0.215835 0.975674
vn 0.052306 -0.110834 0.992462
vn 0.052257 -0.119039 0.991513
vn 0.041136 -0.215423 0.975654
vn -0.052305 -0.110834 0.992462
vn -0.038401 -0.215835 0.975674
vn -0.041134 -0.215423 0.975654
vn -0.052256 -0.119039 0.991514
vn 0.001948 -0.214320 0.976762
vn 0.001167 -0.211014 0.977482
vn -0.000000 -0.206074 0.978536
vn -0.000000 -0.206074 0.978537
vn -0.001948 -0.214320 0.976762
vn -0.001167 -0.211014 0.977482
vn -0.000288 -0.999706 0.024242
vn 0.000934 -0.999705 0.024276
vn 0.000000 -0.999707 0.024214
vn 0.000000 -0.999707 0.024214
vn 0.000288 -0.999706 0.024242
vn -0.000934 -0.999705 0.024277
vn -0.019616 -0.999797 0.004583
vn -0.019145 -0.999804 0.005121
vn 0.016795 -0.999859 -0.000385
vn 0.019616 -0.999797 0.004583
vn 0.019145 -0.999804 0.005121
vn 0.018730 -0.999825 -0.000045
vn -0.016795 -0.999859 -0.000385
vn -0.018730 -0.999825 -0.000045
vn 0.004502 -0.999748 -0.022004
vn 0.006627 -0.999429 -0.033131
vn 0.000000 -0.998875 -0.047425
vn 0.000000 -0.998875 -0.047425
vn -0.004502 -0.999748 -0.022004
vn -0.006627 -0.999429 -0.033131
vn 0.001849 -0.130280 -0.991476
vn -0.000002 -0.208679 -0.977984
vn 0.000000 -0.209927 -0.977717
vn 0.000000 -0.136711 -0.990611
vn -0.003708 -0.206832 -0.978369
vn -0.005134 -0.116868 -0.993134
vn -0.001849 -0.130280 -0.991476
vn 0.000002 -0.208679 -0.977984
vn 0.043804 -0.001451 0.999039
vn 0.043639 -0.001449 0.999046
vn -0.043640 -0.001449 0.999046
vn -0.043804 -0.001451 0.999039
vn 0.994299 0.106620 0.000908
vn 0.994293 0.106680 0.000908
vn 0.979079 0.203480 0.000891
vn 0.979079 0.203480 0.000891
vn -0.994293 0.106680 0.000908
vn -0.994299 0.106620 0.000908
vn -0.979079 0.203479 0.000891
vn -0.979079 0.203479 0.000891
vn 0.004211 0.205119 -0.978728
vn 0.005105 0.125797 -0.992043
vn -0.000000 0.135122 -0.990829
vn -0.000000 0.204840 -0.978796
vn -0.009540 0.113491 -0.993493
vn -0.010643 0.205522 -0.978595
vn -0.004211 0.205119 -0.978728
vn -0.005105 0.125797 -0.992043
vn -0.001512 0.999710 -0.024019
vn 0.000039 0.999805 -0.019746
vn 0.000000 0.999624 -0.027430
vn 0.000000 0.999624 -0.027430
vn 0.001512 0.999710 -0.024019
vn -0.000039 0.999805 -0.019746
vn -0.033298 0.999444 -0.001695
vn -0.032332 0.999475 -0.002105
vn 0.033298 0.999444 -0.001695
vn 0.032332 0.999475 -0.002105
vn 0.033162 0.999439 0.004762
vn 0.033171 0.999438 0.004756
vn -0.033171 0.999438 0.004756
vn -0.033162 0.999439 0.004762
vn 0.003773 0.999881 0.014967
vn 0.001800 0.999973 0.007142
vn 0.000000 1.000000 0.000003
vn 0.000000 1.000000 0.000003
vn -0.003773 0.999881 0.014967
vn -0.001800 0.999973 0.007142
vn 0.016046 0.112488 0.993524
vn 0.021387 0.220584 0.975134
vn 0.022060 0.219620 0.975336
vn 0.017103 0.122103 0.992370
vn -0.021387 0.220584 0.975134
vn -0.016047 0.112487 0.993524
vn -0.017105 0.122103 0.992370
vn -0.022060 0.219620 0.975336
vn 0.001078 0.230842 0.972991
vn 0.002674 0.235305 0.971918
vn 0.000000 0.224816 0.974401
vn 0.000000 0.224816 0.974401
vn -0.001078 0.230843 0.972991
vn -0.002674 0.235305 0.971918
vn 0.664675 0.747132 -0.000926
vn 0.664674 0.747133 -0.000926
vn 0.664675 0.747133 -0.000926
vn 0.664675 0.747132 -0.000926
vn -0.664675 0.747132 -0.000926
vn -0.664675 0.747132 -0.000926
vn -0.664675 0.747132 -0.000926
vn -0.664675 0.747132 -0.000926
vn 0.002783 0.770358 -0.637606
vn 0.001571 0.769134 -0.639085
vn 0.000000 0.772042 -0.635572
vn 0.000000 0.772042 -0.635572
vn -0.002782 0.770358 -0.637606
vn -0.001570 0.769134 -0.639085
vn 0.000833 0.766697 -0.642009
vn 0.000833 0.766697 -0.642009
vn 0.000000 0.753041 0.657974
vn 0.003631 0.741136 0.671346
vn 0.005113 0.746621 0.665230
vn 0.000000 0.753041 0.657974
vn -0.001101 0.731650 0.681679
vn -0.003631 0.741136 0.671345
vn -0.005113 0.746621 0.665230
vn -0.001101 0.731650 0.681679
vn 0.000000 1.000000 -0.000635
vn 0.000000 1.000000 -0.000635
vn 0.004837 0.999988 -0.001209
vn 0.004808 0.999988 -0.001212
vn -0.004837 0.999988 -0.001209
vn -0.004808 0.999988 -0.001212
vn 0.001717 0.999997 -0.001937
vn 0.001717 0.999997 -0.001937
vn 0.667459 -0.150618 0.729255
vn 0.685538 -0.002846 0.728032
vn 0.686125 -0.002692 0.727479
vn 0.667977 -0.146000 0.729720
vn -0.686126 -0.002692 0.727478
vn -0.685538 -0.002846 0.728031
vn -0.667459 -0.150618 0.729255
vn -0.667977 -0.146000 0.729720
vn 0.711652 0.139356 0.688572
vn 0.718881 0.265256 0.642534
vn 0.718881 0.265256 0.642534
vn 0.713175 0.154358 0.683780
vn -0.718882 0.265255 0.642533
vn -0.711654 0.139356 0.688570
vn -0.713176 0.154357 0.683779
vn -0.718882 0.265255 0.642533
vn 0.003149 0.892384 0.451266
vn 0.002072 0.894158 0.447746
vn 0.000000 0.889258 0.457407
vn 0.000000 0.889258 0.457407
vn -0.003149 0.892384 0.451266
vn -0.002072 0.894158 0.447746
vn 0.000476 0.898292 0.439399
vn 0.000476 0.898292 0.439399
vn -0.000000 -0.849773 0.527149
vn 0.001171 -0.846467 0.532441
vn 0.002288 -0.847796 0.530318
vn -0.000000 -0.849773 0.527149
vn 0.001157 -0.843676 0.536852
vn -0.001171 -0.846467 0.532441
vn -0.002288 -0.847796 0.530318
vn 0.001157 -0.843676 0.536852
vn 0.650323 -0.262192 0.712977
vn 0.650323 -0.262192 0.712977
vn -0.650323 -0.262192 0.712977
vn -0.650323 -0.262192 0.712977
vn 0.004460 -0.204398 0.978878
vn -0.000052 -0.113375 0.993552
vn 0.000000 -0.112242 0.993681
vn 0.000000 -0.203532 0.979068
vn 0.005733 -0.110203 0.993893
vn 0.004026 -0.205630 0.978622
vn -0.004460 -0.204398 0.978878
vn 0.000053 -0.113375 0.993552
vn 0.000000 0.109777 0.993956
vn -0.000559 0.108466 0.994100
vn -0.000645 0.208160 0.978094
vn 0.000000 0.208751 0.977969
vn 0.003811 0.101996 0.994778
vn 0.000560 0.108466 0.994100
vn 0.000646 0.208160 0.978094
vn 0.004480 0.207311 0.978265
vn -0.005376 -0.005206 0.999972
vn 0.000000 -0.004505 0.999990
vn 0.005376 -0.005206 0.999972
vn 0.006277 -0.006107 0.999962
vn 0.651730 -0.758446 0.002831
vn 0.651730 -0.758446 0.002831
vn 0.651730 -0.758446 0.002831
vn 0.651730 -0.758446 0.002831
vn -0.651730 -0.758446 0.002831
vn -0.651730 -0.758446 0.002831
vn -0.651730 -0.758446 0.002831
vn -0.651730 -0.758446 0.002831
vn 0.002446 -0.744004 0.668171
vn 0.001250 -0.743230 0.669035
vn -0.000000 -0.745018 0.667044
vn -0.000000 -0.745018 0.667044
vn 0.001046 -0.741736 0.670691
vn 0.001046 -0.741736 0.670691
vn -0.002446 -0.744004 0.668171
vn -0.001251 -0.743230 0.669035
vn 0.000000 -0.676464 -0.736476
vn 0.000775 -0.657430 -0.753516
vn 0.004957 -0.667301 -0.744771
vn 0.000000 -0.676464 -0.736476
vn 0.004849 -0.643957 -0.765047
vn -0.000775 -0.657429 -0.753516
vn -0.004957 -0.667301 -0.744772
vn 0.004849 -0.643957 -0.765047
vn -0.010898 -0.999941 0.000232
vn -0.010906 -0.999941 0.000232
vn -0.006389 -0.999980 0.000193
vn -0.006389 -0.999980 0.000193
vn 0.010898 -0.999941 0.000232
vn 0.010906 -0.999941 0.000232
vn 0.000000 -1.000000 0.000263
vn 0.000000 -1.000000 0.000263
vn 0.003983 -0.000553 -0.999992
vn 0.000000 0.000034 -1.000000
vn -0.003982 -0.000553 -0.999992
vn -0.008228 0.000292 -0.999966
vn 0.003119 0.000547 -0.999995
vn 0.000000 -0.000032 -1.000000
vn -0.003118 0.000547 -0.999995
vn -0.007037 0.000154 -0.999975
vn 0.005133 -0.116868 -0.993134
vn 0.007038 0.000154 -0.999975
vn 0.003707 -0.206832 -0.978369
vn -0.004849 -0.643957 -0.765046
vn -0.004849 -0.643957 -0.765046
vn 0.006389 -0.999980 0.000193
vn 0.006389 -0.999980 0.000193
vn -0.001047 -0.741736 0.670691
vn -0.001047 -0.741736 0.670691
vn -0.001157 -0.843676 0.536852
vn -0.001157 -0.843676 0.536852
vn -0.004026 -0.205630 0.978622
vn -0.005733 -0.110203 0.993892
vn -0.006276 -0.006107 0.999962
vn -0.003811 0.101996 0.994778
vn -0.004480 0.207311 0.978265
vn -0.000476 0.898292 0.439399
vn -0.000476 0.898292 0.439399
vn 0.001101 0.731650 0.681679
vn 0.001101 0.731650 0.681679
vn -0.001717 0.999997 -0.001937
vn -0.001717 0.999997 -0.001937
vn -0.000833 0.766697 -0.642009
vn -0.000833 0.766697 -0.642009
vn 0.010644 0.205522 -0.978595
vn 0.009541 0.113491 -0.993493
vn 0.008228 0.000292 -0.999966
vn 1.000000 -0.000332 0.000528
vn 1.000000 -0.000333 0.000529
vn 1.000000 -0.000000 0.000000
vn 1.000000 -0.000000 0.000000
vn 0.023677 -0.001343 0.999719
vn 0.023692 -0.001343 0.999718
vn 0.008605 -0.000816 0.999963
vn 0.008675 -0.000821 0.999962
vn 0.693657 0.001215 0.720305
vn 0.693949 0.001152 0.720023
vn 0.689419 0.000144 0.724363
vn 0.689376 -0.000018 0.724403
vn -0.004418 0.000456 0.999990
vn -0.004576 0.002441 0.999987
vn -0.003658 -0.000041 0.999993
vn -0.000867 -0.000756 0.999999
vn 0.000000 -0.001107 0.999999
vn 0.000000 -0.001311 0.999999
vn 0.000867 -0.000756 0.999999
vn 0.004418 0.000456 0.999990
vn 0.003658 -0.000041 0.999993
vn 0.004576 0.002441 0.999987
vn -0.689377 -0.000018 0.724403
vn -0.689419 0.000144 0.724363
vn -0.693950 0.001152 0.720023
vn -0.693657 0.001215 0.720304
vn -0.008676 -0.000821 0.999962
vn -0.008606 -0.000816 0.999963
vn -0.023692 -0.001343 0.999718
vn -0.023677 -0.001343 0.999719
vn -1.000000 -0.000333 0.000529
vn -1.000000 -0.000332 0.000528
vn -1.000000 -0.000000 0.000000
vn -1.000000 -0.000000 0.000000
vn -0.008251 -0.000713 -0.999966
vn -0.011263 0.000190 -0.999937
vn -0.011213 0.000113 -0.999937
vn -0.008872 -0.000644 -0.999961
vn 0.011262 0.000190 -0.999937
vn 0.008251 -0.000713 -0.999966
vn 0.008871 -0.000644 -0.999961
vn 0.011213 0.000113 -0.999937
vn 0.009217 0.001428 -0.999956
vn 0.009992 0.001209 -0.999949
vn -0.009218 0.001428 -0.999956
vn -0.009992 0.001209 -0.999949
vn 0.390354 0.918707 0.060007
vn 0.665093 0.743954 0.064679
vn 0.672938 0.736965 0.063536
vn 0.392373 0.917820 0.060412
vn -0.665093 0.743954 0.064679
vn -0.390354 0.918707 0.060007
vn -0.392373 0.917820 0.060412
vn -0.672938 0.736966 0.063536
vn 0.634941 -0.771764 0.035071
vn 0.361010 -0.931298 0.048531
vn 0.346389 -0.936870 0.047837
vn 0.636461 -0.770521 0.034852
vn -0.361010 -0.931298 0.048530
vn -0.634942 -0.771764 0.035070
vn -0.636461 -0.770521 0.034851
vn -0.346389 -0.936870 0.047837
vn -0.000000 -0.999137 0.041531
vn -0.000000 -0.999137 0.041531
vn -0.000000 0.999688 0.024986
vn -0.000000 0.999688 0.024986
vn -0.889155 -0.456613 0.030139
vn -0.997167 -0.056705 0.049423
vn -0.997935 -0.040647 0.049738
vn -0.894337 -0.446323 0.030925
vn 0.997167 -0.056706 0.049423
vn 0.889155 -0.456613 0.030139
vn 0.894337 -0.446324 0.030925
vn 0.997935 -0.040647 0.049738
vn 0.934435 0.353063 0.046657
vn 0.931274 0.361356 0.046386
vn -0.934435 0.353064 0.046657
vn -0.931273 0.361356 0.046386
vn 0.024753 0.068370 -0.997353
vn 0.029428 0.043426 -0.998623
vn 0.029406 0.043230 -0.998632
vn 0.025573 0.067299 -0.997405
vn -0.029426 0.043426 -0.998623
vn -0.024752 0.068370 -0.997353
vn -0.025572 0.067299 -0.997405
vn -0.029403 0.043230 -0.998632
vn 0.048990 -0.044596 -0.997803
vn 0.017270 -0.048522 -0.998673
vn 0.013497 -0.053670 -0.998468
vn 0.042478 -0.043113 -0.998167
vn -0.017268 -0.048522 -0.998673
vn -0.048997 -0.044596 -0.997803
vn -0.042483 -0.043113 -0.998167
vn -0.013496 -0.053670 -0.998468
vn 0.000000 -0.064995 -0.997886
vn 0.000000 -0.064995 -0.997886
vn 0.000001 0.078737 -0.996896
vn 0.000001 0.078737 -0.996896
vn -0.085264 -0.039856 -0.995561
vn -0.085309 -0.013047 -0.996269
vn -0.082890 -0.011302 -0.996495
vn -0.087783 -0.038714 -0.995387
vn 0.085310 -0.013047 -0.996269
vn 0.085255 -0.039856 -0.995562
vn 0.087775 -0.038714 -0.995388
vn 0.082891 -0.011302 -0.996495
vn 0.051559 0.008664 -0.998632
vn 0.042041 0.013272 -0.999028
vn -0.051554 0.008664 -0.998633
vn -0.042035 0.013272 -0.999028
vn 0.388747 0.921337 -0.003894
vn 0.651767 0.758412 -0.003319
vn 0.651210 0.758890 -0.003339
vn 0.387446 0.921884 -0.003858
vn -0.651767 0.758412 -0.003319
vn -0.388747 0.921336 -0.003894
vn -0.387446 0.921884 -0.003858
vn -0.651211 0.758890 -0.003339
vn 0.638513 -0.769605 -0.003135
vn 0.333556 -0.942719 -0.004617
vn 0.339714 -0.940518 -0.004580
vn 0.642502 -0.766278 -0.003119
vn -0.333556 -0.942719 -0.004617
vn -0.638513 -0.769605 -0.003135
vn -0.642502 -0.766278 -0.003119
vn -0.339714 -0.940518 -0.004580
vn -0.000000 -0.999984 -0.005593
vn -0.000000 -0.999984 -0.005593
vn 0.000000 0.999999 0.001457
vn 0.000000 0.999999 0.001457
vn -0.889486 -0.456944 -0.004015
vn -0.999439 -0.033498 -0.000114
vn -0.999629 -0.027240 0.000036
vn -0.892199 -0.451625 -0.004057
vn 0.999439 -0.033498 -0.000114
vn 0.889486 -0.456944 -0.004015
vn 0.892199 -0.451624 -0.004057
vn 0.999629 -0.027240 0.000036
vn 0.928553 0.371180 0.003846
vn 0.927303 0.374292 0.003829
vn -0.928553 0.371180 0.003846
vn -0.927303 0.374292 0.003829
vn 0.014424 0.036257 0.999238
vn 0.022051 0.028710 0.999345
vn 0.021563 0.029912 0.999320
vn 0.015121 0.036734 0.999211
vn -0.022051 0.028710 0.999345
vn -0.014423 0.036257 0.999238
vn -0.015120 0.036734 0.999211
vn -0.021563 0.029912 0.999320
vn 0.026433 -0.034882 0.999042
vn 0.013921 -0.034380 0.999312
vn 0.020188 -0.038813 0.999043
vn 0.028563 -0.030768 0.999118
vn -0.013921 -0.034380 0.999312
vn -0.026434 -0.034882 0.999042
vn -0.028564 -0.030768 0.999118
vn -0.020189 -0.038813 0.999043
vn 0.000000 -0.031790 0.999495
vn 0.000000 -0.031790 0.999495
vn 0.000000 0.033212 0.999448
vn -0.000000 0.033212 0.999448
vn -0.032780 -0.017155 0.999315
vn -0.030605 -0.003674 0.999525
vn -0.028820 -0.000559 0.999584
vn -0.032638 -0.018016 0.999305
vn 0.030598 -0.003674 0.999525
vn 0.032776 -0.017155 0.999316
vn 0.032633 -0.018016 0.999305
vn 0.028814 -0.000559 0.999585
vn 0.026840 0.010287 0.999587
vn 0.026405 0.008001 0.999619
vn -0.026842 0.010287 0.999587
vn -0.026408 0.008001 0.999619
vn 0.380391 0.924800 0.006834
vn 0.673867 0.738793 0.009428
vn 0.678020 0.734983 0.009445
vn 0.379353 0.925227 0.006820
vn -0.673866 0.738793 0.009428
vn -0.380391 0.924800 0.006834
vn -0.379353 0.925227 0.006820
vn -0.678019 0.734983 0.009445
vn 0.681976 -0.731368 -0.003014
vn 0.363443 -0.931607 0.004272
vn 0.360827 -0.932623 0.004291
vn 0.673674 -0.739024 -0.002663
vn -0.363442 -0.931607 0.004272
vn -0.681975 -0.731369 -0.003014
vn -0.673673 -0.739025 -0.002663
vn -0.360826 -0.932624 0.004292
vn 0.000000 -0.999985 0.005440
vn 0.000000 -0.999985 0.005440
vn -0.000000 0.999991 0.004213
vn -0.000000 0.999991 0.004213
vn -0.902037 -0.431657 0.001471
vn -0.999581 -0.028478 0.005172
vn -0.998719 -0.050285 0.005710
vn -0.903371 -0.428857 0.001604
vn 0.999581 -0.028479 0.005172
vn 0.902037 -0.431657 0.001471
vn 0.903371 -0.428857 0.001604
vn 0.998719 -0.050285 0.005710
vn 0.920545 0.390604 0.005094
vn 0.926070 0.377322 0.004750
vn -0.920545 0.390604 0.005094
vn -0.926069 0.377323 0.004750
vn 0.050969 0.122901 -0.991109
vn 0.077631 0.082814 -0.993537
vn 0.084531 0.065503 -0.994265
vn 0.054720 0.120571 -0.991195
vn -0.077630 0.082814 -0.993537
vn -0.050968 0.122901 -0.991109
vn -0.054719 0.120571 -0.991196
vn -0.084532 0.065503 -0.994265
vn 0.034908 -0.059872 -0.997595
vn 0.037304 -0.121452 -0.991896
vn 0.035892 -0.112281 -0.993028
vn 0.041823 -0.024087 -0.998835
vn -0.037304 -0.121452 -0.991896
vn -0.034909 -0.059872 -0.997595
vn -0.041825 -0.024087 -0.998835
vn -0.035892 -0.112281 -0.993028
vn 0.000000 -0.151833 -0.988406
vn 0.000000 -0.151833 -0.988406
vn 0.000000 0.132336 -0.991205
vn 0.000000 0.132336 -0.991205
vn -0.043136 0.006267 -0.999050
vn -0.049744 0.008438 -0.998726
vn -0.049816 0.008421 -0.998723
vn -0.042733 0.007542 -0.999058
vn 0.049742 0.008438 -0.998727
vn 0.043134 0.006267 -0.999050
vn 0.042731 0.007542 -0.999058
vn 0.049814 0.008421 -0.998723
vn 0.069051 0.015638 -0.997491
vn 0.068317 0.015076 -0.997550
vn -0.069052 0.015638 -0.997490
vn -0.068318 0.015076 -0.997550
vn 0.411486 0.911414 -0.002059
vn 0.417799 0.908540 -0.000047
vn 0.417799 0.908539 -0.000047
vn 0.411201 0.911542 -0.002150
vn -0.417799 0.908540 -0.000047
vn -0.411486 0.911414 -0.002059
vn -0.411200 0.911542 -0.002150
vn -0.417799 0.908540 -0.000047
vn 0.425493 -0.904961 -0.001336
vn 0.415347 -0.909658 -0.003117
vn 0.415425 -0.909622 -0.003103
vn 0.425493 -0.904961 -0.001336
vn -0.415347 -0.909658 -0.003117
vn -0.425493 -0.904961 -0.001336
vn -0.425493 -0.904961 -0.001336
vn -0.415425 -0.909622 -0.003103
vn 0.406838 -0.913489 -0.004603
vn 0.406838 -0.913489 -0.004603
vn 0.403105 0.915141 -0.004719
vn 0.403105 0.915141 -0.004719
vn -0.406838 -0.913489 -0.004603
vn -0.406838 -0.913489 -0.004603
vn -0.403105 0.915141 -0.004719
vn -0.403105 0.915141 -0.004719
vn -0.999995 -0.001194 0.003019
vn -0.999995 -0.001737 0.002696
vn -0.999995 -0.001892 0.002680
vn -0.999995 -0.001192 0.003019
vn 0.999995 -0.001737 0.002696
vn 0.999995 -0.001194 0.003019
vn 0.999995 -0.001192 0.003019
vn 0.999995 -0.001892 0.002680
vn 0.999976 0.006897 0.000829
vn 0.999972 0.007413 0.000771
vn -0.999976 0.006897 0.000829
vn -0.999972 0.007413 0.000771
vn 0.999982 -0.005311 0.002907
vn 0.999982 -0.005311 0.002907
vn -0.999982 -0.005311 0.002907
vn -0.999982 -0.005311 0.002907
vn 0.999766 0.021614 -0.000818
vn 0.999766 0.021614 -0.000818
vn -0.999766 0.021614 -0.000818
vn -0.999766 0.021614 -0.000818
vn 0.026894 0.045086 0.998621
vn 0.063363 0.040834 0.997155
vn 0.068848 0.036119 0.996973
vn 0.031823 0.048068 0.998337
vn -0.063364 0.040834 0.997155
vn -0.026895 0.045086 0.998621
vn -0.031823 0.048068 0.998337
vn -0.068849 0.036119 0.996973
vn 0.041129 -0.025513 0.998828
vn 0.021797 -0.038361 0.999026
vn 0.022530 -0.038539 0.999003
vn 0.041139 -0.025446 0.998829
vn -0.021800 -0.038361 0.999026
vn -0.041132 -0.025513 0.998828
vn -0.041142 -0.025446 0.998829
vn -0.022533 -0.038540 0.999003
vn -0.000001 -0.034874 0.999392
vn -0.000001 -0.034874 0.999392
vn -0.000000 0.032914 0.999458
vn -0.000000 0.032914 0.999458
vn -0.019633 -0.011614 0.999740
vn -0.022161 0.007093 0.999729
vn -0.021158 0.004864 0.999764
vn -0.022444 -0.011570 0.999681
vn 0.022159 0.007093 0.999729
vn 0.019630 -0.011614 0.999740
vn 0.022441 -0.011570 0.999681
vn 0.021155 0.004864 0.999764
vn 0.046521 0.023732 0.998635
vn 0.042583 0.023662 0.998813
vn -0.046522 0.023732 0.998635
vn -0.042584 0.023662 0.998813
vn 0.398552 0.917145 0.001476
vn 0.690888 0.722961 0.001538
vn 0.688277 0.725447 0.001549
vn 0.398851 0.917015 0.001477
vn -0.690888 0.722960 0.001538
vn -0.398552 0.917145 0.001476
vn -0.398851 0.917015 0.001477
vn -0.688277 0.725447 0.001549
vn 0.698973 -0.715145 -0.001870
vn 0.403179 -0.915121 -0.000661
vn 0.404915 -0.914354 -0.000669
vn 0.701450 -0.712716 -0.001877
vn -0.403178 -0.915121 -0.000661
vn -0.698973 -0.715146 -0.001870
vn -0.701450 -0.712716 -0.001876
vn -0.404915 -0.914354 -0.000669
vn -0.000000 -1.000000 0.000134
vn -0.000000 -1.000000 0.000134
vn -0.000000 1.000000 0.000727
vn -0.000000 1.000000 0.000727
vn -0.929695 -0.368328 -0.001085
vn -0.999406 -0.034420 0.001495
vn -0.999826 -0.018599 0.001640
vn -0.933096 -0.359625 -0.001034
vn 0.999406 -0.034420 0.001495
vn 0.929695 -0.368328 -0.001085
vn 0.933096 -0.359625 -0.001034
vn 0.999826 -0.018599 0.001640
vn 0.933634 0.358220 0.002223
vn 0.930560 0.366134 0.002165
vn -0.933635 0.358220 0.002223
vn -0.930560 0.366134 0.002165
vn 0.027078 0.072345 -0.997012
vn 0.034610 0.036024 -0.998752
vn 0.035069 0.034752 -0.998781
vn 0.027093 0.069588 -0.997208
vn -0.034610 0.036024 -0.998752
vn -0.027078 0.072345 -0.997012
vn -0.027093 0.069588 -0.997208
vn -0.035069 0.034752 -0.998781
vn 0.046180 -0.022150 -0.998688
vn 0.016124 -0.057242 -0.998230
vn 0.015961 -0.057350 -0.998227
vn 0.043827 -0.025770 -0.998707
vn -0.016125 -0.057242 -0.998230
vn -0.046181 -0.022150 -0.998688
vn -0.043828 -0.025770 -0.998707
vn -0.015962 -0.057350 -0.998227
vn -0.000001 -0.064420 -0.997923
vn -0.000001 -0.064420 -0.997923
vn -0.000000 0.088461 -0.996080
vn -0.000000 0.088461 -0.996080
vn -0.034387 -0.007741 -0.999379
vn -0.019075 -0.003396 -0.999812
vn -0.019010 -0.003244 -0.999814
vn -0.030350 -0.008148 -0.999506
vn 0.019074 -0.003396 -0.999812
vn 0.034386 -0.007741 -0.999379
vn 0.030350 -0.008148 -0.999506
vn 0.019010 -0.003244 -0.999814
vn 0.021655 0.004267 -0.999756
vn 0.025069 0.005521 -0.999671
vn -0.021655 0.004267 -0.999756
vn -0.025069 0.005521 -0.999671
vn 0.426734 0.904372 -0.002925
vn 0.454789 0.890590 -0.004008
vn 0.454215 0.890607 0.022548
vn 0.428310 0.903333 0.023233
vn -0.454789 0.890590 -0.004008
vn -0.426734 0.904372 -0.002925
vn -0.428310 0.903333 0.023233
vn -0.454214 0.890607 0.022548
vn 0.424453 -0.905450 -0.000755
vn 0.411001 -0.911635 -0.000221
vn 0.412446 -0.910651 0.024559
vn 0.421757 -0.906278 0.027946
vn -0.411001 -0.911635 -0.000221
vn -0.424453 -0.905450 -0.000755
vn -0.421757 -0.906278 0.027946
vn -0.412446 -0.910651 0.024559
vn 0.400810 -0.916161 0.000181
vn 0.404516 -0.914239 0.023127
vn 0.398134 0.917326 -0.001834
vn 0.403228 0.914727 0.026098
vn -0.400810 -0.916161 0.000181
vn -0.404516 -0.914239 0.023127
vn -0.398134 0.917326 -0.001834
vn -0.403228 0.914727 0.026098
vn -0.999996 -0.002697 -0.000408
vn -1.000000 -0.000550 -0.000623
vn -0.999131 0.003664 0.041523
vn -0.998910 -0.028945 0.036614
vn 1.000000 -0.000550 -0.000623
vn 0.999996 -0.002697 -0.000408
vn 0.998910 -0.028945 0.036614
vn 0.999131 0.003664 0.041523
vn 0.999997 0.002571 -0.000538
vn 0.998955 0.030704 0.033869
vn -0.999997 0.002571 -0.000538
vn -0.998955 0.030704 0.033869
vn 0.999995 -0.003097 -0.000250
vn 0.998504 -0.045413 0.030466
vn -0.999995 -0.003097 -0.000250
vn -0.998504 -0.045413 0.030466
vn 0.999984 0.005667 -0.000300
vn 0.998673 0.042900 0.028494
vn -0.999984 0.005667 -0.000300
vn -0.998673 0.042900 0.028494
vn 0.449274 0.891795 0.053430
vn 0.429791 0.901413 0.052296
vn -0.429791 0.901413 0.052296
vn -0.449273 0.891795 0.053430
vn 0.417546 -0.907348 0.048735
vn 0.422261 -0.905293 0.046263
vn -0.422261 -0.905293 0.046263
vn -0.417546 -0.907348 0.048735
vn 0.412716 -0.909170 0.055460
vn 0.413684 0.909019 0.050495
vn -0.412716 -0.909170 0.055460
vn -0.413684 0.909019 0.050495
vn -0.996405 0.024308 0.081162
vn -0.990189 -0.119991 0.071614
vn 0.990189 -0.119991 0.071614
vn 0.996405 0.024308 0.081162
vn 0.986065 0.148615 0.074768
vn -0.986065 0.148615 0.074768
vn 0.978766 -0.194754 0.063932
vn -0.978766 -0.194754 0.063932
vn 0.979808 0.190619 0.060345
vn -0.979808 0.190619 0.060345
vn 0.445584 0.895206 0.007870
vn 0.427843 0.903809 0.008898
vn -0.427843 0.903809 0.008898
vn -0.445584 0.895206 0.007870
vn 0.421250 -0.906923 0.006281
vn 0.429260 -0.903176 0.003053
vn -0.429260 -0.903176 0.003053
vn -0.421250 -0.906923 0.006281
vn 0.411150 -0.911509 0.010328
vn 0.414188 0.910140 0.009680
vn -0.411150 -0.911509 0.010328
vn -0.414188 0.910140 0.009680
vn -0.999363 0.032524 0.014687
vn -0.988151 -0.152808 0.014420
vn 0.988151 -0.152807 0.014420
vn 0.999363 0.032524 0.014687
vn 0.977352 0.211250 0.012534
vn -0.977352 0.211250 0.012534
vn 0.964300 -0.264477 0.013352
vn -0.964300 -0.264477 0.013352
vn 0.963267 0.268361 0.009905
vn -0.963268 0.268361 0.009905
vn 0.019926 0.068025 -0.997485
vn 0.038344 0.044503 -0.998273
vn 0.036507 0.046631 -0.998245
vn 0.018971 0.068723 -0.997455
vn -0.038344 0.044503 -0.998273
vn -0.019926 0.068025 -0.997485
vn -0.018971 0.068723 -0.997455
vn -0.036507 0.046631 -0.998245
vn 0.057801 -0.057187 -0.996689
vn 0.040688 -0.077117 -0.996192
vn 0.039581 -0.073927 -0.996478
vn 0.057886 -0.056962 -0.996697
vn -0.040688 -0.077117 -0.996192
vn -0.057800 -0.057187 -0.996689
vn -0.057885 -0.056962 -0.996697
vn -0.039581 -0.073927 -0.996478
vn -0.000000 -0.056335 -0.998412
vn -0.000000 -0.056335 -0.998412
vn 0.000000 0.066377 -0.997795
vn 0.000000 0.066377 -0.997795
vn -0.062190 -0.006806 -0.998041
vn -0.060689 -0.005242 -0.998143
vn -0.059485 -0.003784 -0.998222
vn -0.059183 -0.003262 -0.998242
vn 0.060690 -0.005242 -0.998143
vn 0.062191 -0.006806 -0.998041
vn 0.059184 -0.003262 -0.998242
vn 0.059485 -0.003784 -0.998222
vn 0.068288 -0.008091 -0.997633
vn 0.068109 -0.008910 -0.997638
vn -0.068288 -0.008091 -0.997633
vn -0.068109 -0.008910 -0.997638
vn 0.416312 0.909222 -0.000022
vn 0.407585 0.913167 0.000946
vn 0.407585 0.913167 0.000946
vn 0.416249 0.909251 -0.000015
vn -0.407585 0.913167 0.000946
vn -0.416312 0.909222 -0.000022
vn -0.416249 0.909251 -0.000015
vn -0.407585 0.913167 0.000946
vn 0.435576 -0.900152 -0.000556
vn 0.429317 -0.903153 -0.001148
vn 0.429427 -0.903101 -0.001138
vn 0.435576 -0.900152 -0.000556
vn -0.429317 -0.903153 -0.001148
vn -0.435576 -0.900152 -0.000556
vn -0.435576 -0.900152 -0.000556
vn -0.429427 -0.903101 -0.001138
vn 0.421913 -0.906634 -0.001847
vn 0.421913 -0.906634 -0.001847
vn 0.420200 0.907432 -0.000455
vn 0.420200 0.907432 -0.000455
vn -0.421913 -0.906634 -0.001847
vn -0.421913 -0.906634 -0.001847
vn -0.420200 0.907432 -0.000455
vn -0.420200 0.907432 -0.000455
vn -1.000000 -0.000519 -0.000076
vn -1.000000 0.000166 -0.000072
vn -1.000000 0.000166 -0.000072
vn -1.000000 -0.000526 -0.000075
vn 1.000000 0.000166 -0.000072
vn 1.000000 -0.000519 -0.000076
vn 1.000000 -0.000526 -0.000075
vn 1.000000 0.000166 -0.000072
vn 0.999996 0.002707 0.000192
vn 0.999996 0.002741 0.000195
vn -0.999996 0.002707 0.000192
vn -0.999996 0.002741 0.000195
vn 0.999999 -0.001282 -0.000044
vn 0.999999 -0.001282 -0.000044
vn -0.999999 -0.001282 -0.000044
vn -0.999999 -0.001282 -0.000044
vn 0.999958 0.009107 0.000792
vn 0.999958 0.009107 0.000792
vn -0.999958 0.009107 0.000792
vn -0.999958 0.009107 0.000792
vn 0.002498 0.005812 0.999980
vn 0.003601 0.007182 0.999968
vn 0.003525 0.007141 0.999968
vn 0.002656 0.005748 0.999980
vn -0.003601 0.007182 0.999968
vn -0.002498 0.005812 0.999980
vn -0.002657 0.005748 0.999980
vn -0.003525 0.007141 0.999968
vn 0.022741 -0.019940 0.999543
vn 0.006512 -0.016539 0.999842
vn 0.006900 -0.016127 0.999846
vn 0.021817 -0.019856 0.999565
vn -0.006512 -0.016539 0.999842
vn -0.022741 -0.019940 0.999543
vn -0.021818 -0.019856 0.999565
vn -0.006900 -0.016127 0.999846
vn 0.000000 -0.013995 0.999902
vn 0.000000 -0.013995 0.999902
vn -0.000000 0.005574 0.999985
vn -0.000000 0.005574 0.999985
vn -0.044582 -0.006167 0.998987
vn -0.032273 0.006036 0.999461
vn -0.034001 0.005341 0.999408
vn -0.043816 -0.009427 0.998995
vn 0.032273 0.006036 0.999461
vn 0.044582 -0.006167 0.998987
vn 0.043816 -0.009427 0.998995
vn 0.034001 0.005341 0.999408
vn 0.016143 0.010023 0.999819
vn 0.016568 0.010096 0.999812
vn -0.016143 0.010023 0.999819
vn -0.016568 0.010096 0.999812
vn 0.415525 0.909579 0.001930
vn 0.420403 0.907335 0.001987
vn 0.420372 0.900687 -0.109775
vn 0.414773 0.903293 -0.109660
vn -0.420403 0.907335 0.001987
vn -0.415526 0.909580 0.001930
vn -0.414773 0.903293 -0.109660
vn -0.420372 0.900687 -0.109775
vn 0.419018 -0.907976 0.002077
vn 0.409652 -0.912231 0.004513
vn 0.408320 -0.906712 -0.105579
vn 0.414927 -0.904100 -0.102175
vn -0.409652 -0.912231 0.004513
vn -0.419018 -0.907976 0.002077
vn -0.414927 -0.904100 -0.102175
vn -0.408321 -0.906713 -0.105579
vn 0.399868 -0.916546 0.007045
vn 0.400865 -0.910918 -0.097653
vn 0.412311 0.911041 0.001893
vn 0.410973 0.906488 -0.096858
vn -0.399868 -0.916546 0.007045
vn -0.400865 -0.910918 -0.097653
vn -0.412311 0.911041 0.001893
vn -0.410973 0.906488 -0.096858
vn -0.970198 -0.242313 0.000953
vn -0.999881 0.015169 0.002751
vn -0.999880 0.015226 0.002751
vn -0.965531 -0.210416 -0.153217
vn 0.999881 0.015169 0.002751
vn 0.970198 -0.242313 0.000953
vn 0.965531 -0.210416 -0.153217
vn 0.999880 0.015226 0.002751
vn 0.968035 0.250797 0.003017
vn 0.964784 0.218277 -0.146786
vn -0.968035 0.250797 0.003017
vn -0.964784 0.218277 -0.146786
vn 0.941672 -0.336531 -0.000378
vn 0.946896 -0.293072 -0.132276
vn -0.941672 -0.336531 -0.000378
vn -0.946896 -0.293072 -0.132276
vn 0.938627 0.344924 0.002745
vn 0.944532 0.305512 -0.120508
vn -0.938627 0.344924 0.002745
vn -0.944532 0.305512 -0.120508
vn 0.437687 0.897711 -0.050458
vn 0.422373 0.905152 -0.047968
vn -0.422373 0.905152 -0.047968
vn -0.437687 0.897711 -0.050458
vn 0.413406 -0.909203 -0.049458
vn 0.425233 -0.903700 -0.050042
vn -0.425233 -0.903700 -0.050042
vn -0.413406 -0.909203 -0.049458
vn 0.402894 -0.914204 -0.043674
vn 0.411117 0.910270 -0.048909
vn -0.402894 -0.914204 -0.043674
vn -0.411117 0.910270 -0.048909
vn -0.846019 0.001667 -0.533151
vn -0.846143 0.005954 -0.532922
vn -0.997476 -0.020882 -0.067870
vn 0.846019 0.001667 -0.533151
vn 0.997476 -0.020882 -0.067870
vn 0.846143 0.005954 -0.532922
vn 0.997459 0.020104 -0.068343
vn -0.997459 0.020104 -0.068343
vn 0.997524 -0.030942 -0.063162
vn -0.997524 -0.030942 -0.063162
vn 0.997393 0.028350 -0.066366
vn -0.997393 0.028350 -0.066366
vn 0.437832 0.897222 0.057410
vn 0.422858 0.904775 0.050729
vn -0.422858 0.904775 0.050729
vn -0.437832 0.897222 0.057410
vn 0.414563 -0.908608 0.050696
vn 0.427196 -0.902919 0.047332
vn -0.427196 -0.902919 0.047332
vn -0.414563 -0.908608 0.050696
vn 0.403379 -0.912956 0.061611
vn 0.411004 0.909867 0.056730
vn -0.403379 -0.912956 0.061611
vn -0.411004 0.909867 0.056730
vn -0.999998 0.001724 -0.001399
vn -0.999175 0.001153 0.040594
vn -0.999111 -0.005533 0.041789
vn 0.999998 0.001724 -0.001399
vn 0.999111 -0.005533 0.041789
vn 0.999175 0.001153 0.040594
vn 0.999037 0.003303 0.043762
vn -0.999037 0.003303 0.043762
vn 0.998817 -0.006909 0.048145
vn -0.998817 -0.006909 0.048145
vn 0.998642 0.000459 0.052094
vn -0.998642 0.000459 0.052094
vn 0.424417 0.902795 0.069508
vn 0.417965 0.904977 0.079512
vn -0.417965 0.904977 0.079512
vn -0.424417 0.902795 0.069508
vn 0.414024 -0.907034 0.076633
vn 0.418441 -0.905490 0.070684
vn -0.418441 -0.905490 0.070684
vn -0.414024 -0.907034 0.076633
vn 0.411455 -0.908760 0.069720
vn 0.412960 0.907493 0.076950
vn -0.411455 -0.908760 0.069720
vn -0.412960 0.907493 0.076950
vn -0.997871 -0.002077 0.065183
vn -0.997935 -0.004751 0.064054
vn 0.997935 -0.004751 0.064054
vn 0.997871 -0.002077 0.065183
vn 0.997977 0.005120 0.063365
vn -0.997977 0.005120 0.063365
vn 0.998502 -0.007178 0.054248
vn -0.998502 -0.007178 0.054248
vn 0.998526 0.012823 0.052749
vn -0.998526 0.012823 0.052749
vn 0.421846 0.903846 -0.071471
vn 0.416942 0.905875 -0.074499
vn -0.416942 0.905875 -0.074499
vn -0.421847 0.903846 -0.071471
vn 0.413484 -0.907473 -0.074327
vn 0.416895 -0.906598 -0.065419
vn -0.416895 -0.906598 -0.065419
vn -0.413484 -0.907472 -0.074327
vn 0.411820 -0.908751 -0.067646
vn 0.413084 0.908591 -0.061844
vn -0.411820 -0.908751 -0.067646
vn -0.413084 0.908591 -0.061844
vn -0.998038 -0.001354 -0.062600
vn -0.997812 -0.005533 -0.065892
vn 0.997811 -0.005533 -0.065892
vn 0.998038 -0.001354 -0.062600
vn 0.997974 0.008451 -0.063060
vn -0.997974 0.008451 -0.063060
vn 0.998274 -0.008924 -0.058053
vn -0.998274 -0.008924 -0.058053
vn 0.998262 0.018010 -0.056118
vn -0.998262 0.018010 -0.056118
vn 0.387950 0.843071 -0.372459
vn 0.385397 0.844358 -0.372194
vn -0.385397 0.844358 -0.372194
vn -0.387950 0.843071 -0.372459
vn 0.385651 -0.842800 -0.375449
vn 0.386111 -0.842321 -0.376050
vn -0.386112 -0.842321 -0.376050
vn -0.385651 -0.842800 -0.375449
vn 0.385401 -0.843060 -0.375122
vn 0.383217 0.845450 -0.371965
vn -0.385401 -0.843060 -0.375122
vn -0.383218 0.845450 -0.371965
vn -0.947825 0.000942 -0.318789
vn -0.947436 -0.006725 -0.319876
vn 0.947435 -0.006725 -0.319876
vn 0.947825 0.000942 -0.318789
vn 0.947462 0.014980 -0.319517
vn -0.947462 0.014980 -0.319517
vn 0.947167 -0.013566 -0.320454
vn -0.947167 -0.013566 -0.320454
vn 0.946651 0.030507 -0.320814
vn -0.946651 0.030507 -0.320814
vn 0.389258 0.855012 0.342684
vn 0.393407 0.853530 0.341640
vn 0.463447 0.885667 0.028494
vn 0.457080 0.888872 0.031388
vn -0.393407 0.853530 0.341640
vn -0.389258 0.855012 0.342684
vn -0.457080 0.888872 0.031388
vn -0.463447 0.885667 0.028494
vn 0.419000 -0.841803 0.340304
vn 0.395455 -0.848969 0.350525
vn 0.420508 -0.906881 0.027187
vn 0.442603 -0.896339 0.026074
vn -0.395455 -0.848969 0.350525
vn -0.419000 -0.841803 0.340304
vn -0.442603 -0.896339 0.026074
vn -0.420508 -0.906881 0.027187
vn 0.385725 -0.851731 0.354642
vn 0.409608 -0.911903 0.025587
vn 0.384055 0.856843 0.343980
vn 0.449350 0.892729 0.033470
vn -0.385725 -0.851731 0.354642
vn -0.409608 -0.911903 0.025587
vn -0.384055 0.856843 0.343980
vn -0.449350 0.892729 0.033470
vn -0.954862 -0.002579 0.297040
vn -0.956029 -0.002552 0.293261
vn -0.999674 0.000465 0.025515
vn -0.999630 -0.000648 0.027195
vn 0.956029 -0.002552 0.293261
vn 0.954862 -0.002579 0.297040
vn 0.999630 -0.000648 0.027194
vn 0.999674 0.000465 0.025515
vn 0.955487 0.005134 0.294989
vn 0.999678 0.003435 0.025153
vn -0.955487 0.005134 0.294989
vn -0.999678 0.003435 0.025153
vn 0.953982 -0.006593 0.299792
vn 0.999641 -0.004736 0.026373
vn -0.953982 -0.006593 0.299792
vn -0.999641 -0.004736 0.026373
vn 0.954341 0.017079 0.298231
vn 0.999676 0.008873 0.023879
vn -0.954341 0.017079 0.298231
vn -0.999676 0.008873 0.023879
vn 0.467401 0.884045 0.000089
vn 0.460752 0.887523 0.003360
vn -0.460752 0.887523 0.003360
vn -0.467401 0.884045 0.000089
vn 0.420225 -0.907418 -0.002125
vn 0.442526 -0.896755 -0.000682
vn -0.442527 -0.896755 -0.000682
vn -0.420225 -0.907417 -0.002125
vn 0.409516 -0.912299 -0.002811
vn 0.452747 0.891609 0.007278
vn -0.409516 -0.912299 -0.002811
vn -0.452747 0.891609 0.007278
vn -0.999999 0.000734 0.000854
vn -1.000000 -0.000410 0.000543
vn 1.000000 -0.000410 0.000543
vn 0.999999 0.000734 0.000854
vn 0.999995 0.003047 0.001100
vn -0.999995 0.003047 0.001100
vn 0.999990 -0.004541 0.000302
vn -0.999990 -0.004541 0.000302
vn 0.999966 0.008169 0.001264
vn -0.999966 0.008169 0.001264
vn 0.011945 0.032337 0.999406
vn 0.026774 0.015112 0.999527
vn 0.024612 0.022232 0.999450
vn 0.010241 0.028654 0.999537
vn -0.026773 0.015112 0.999527
vn -0.011946 0.032337 0.999406
vn -0.010242 0.028654 0.999537
vn -0.024611 0.022232 0.999450
vn 0.093340 -0.134040 0.986570
vn 0.090482 -0.185136 0.978538
vn 0.088726 -0.182254 0.979240
vn 0.094084 -0.141503 0.985457
vn -0.090483 -0.185136 0.978538
vn -0.093337 -0.134040 0.986571
vn -0.094082 -0.141503 0.985457
vn -0.088727 -0.182254 0.979240
vn -0.000001 -0.174680 0.984625
vn -0.000001 -0.174680 0.984625
vn 0.000000 0.012945 0.999916
vn 0.000000 0.012945 0.999916
vn -0.038974 -0.016530 0.999104
vn -0.008166 0.002023 0.999965
vn -0.013668 0.004554 0.999896
vn -0.051796 -0.033161 0.998107
vn 0.008167 0.002023 0.999965
vn 0.038977 -0.016530 0.999103
vn 0.051799 -0.033161 0.998107
vn 0.013671 0.004554 0.999896
vn 0.018585 -0.002623 0.999824
vn 0.013159 -0.001442 0.999912
vn -0.018583 -0.002623 0.999824
vn -0.013158 -0.001442 0.999913
vn 0.434173 0.874802 0.214978
vn 0.438380 0.865401 0.242702
vn 0.414514 0.875568 0.248111
vn 0.403184 0.888487 0.219166
vn -0.438380 0.865401 0.242702
vn -0.434173 0.874802 0.214978
vn -0.403184 0.888487 0.219166
vn -0.414515 0.875568 0.248111
vn 0.441482 -0.895982 -0.048070
vn 0.441542 -0.896680 -0.031712
vn 0.441542 -0.896665 -0.032127
vn 0.441482 -0.895982 -0.048069
vn -0.441543 -0.896680 -0.031712
vn -0.441482 -0.895982 -0.048070
vn -0.441482 -0.895982 -0.048070
vn -0.441543 -0.896665 -0.032127
vn 0.441523 -0.896978 -0.022110
vn 0.441523 -0.896978 -0.022110
vn 0.427901 0.886263 0.177310
vn 0.396434 0.899633 0.183033
vn -0.441523 -0.896978 -0.022110
vn -0.441523 -0.896978 -0.022110
vn -0.427901 0.886263 0.177310
vn -0.396434 0.899633 0.183033
vn -0.963999 -0.263880 -0.032772
vn -0.996008 -0.088928 -0.007768
vn -0.999866 0.005187 0.015558
vn -0.973594 -0.226521 -0.028329
vn 0.996008 -0.088928 -0.007768
vn 0.963999 -0.263880 -0.032772
vn 0.973594 -0.226521 -0.028329
vn 0.999866 0.005187 0.015558
vn 0.985111 0.160173 0.062463
vn 0.970325 0.228289 0.079715
vn -0.985111 0.160172 0.062463
vn -0.970325 0.228288 0.079715
vn 0.954748 -0.295629 -0.032559
vn 0.960777 -0.275459 -0.032101
vn -0.954748 -0.295628 -0.032559
vn -0.960777 -0.275459 -0.032101
vn 0.943547 0.312056 0.111087
vn 0.945893 0.308055 0.101919
vn -0.943547 0.312056 0.111086
vn -0.945893 0.308055 0.101919
vn 0.976274 -0.215257 -0.023517
vn 0.996457 -0.084068 0.002510
vn -0.996457 -0.084069 0.002510
vn -0.976274 -0.215257 -0.023517
vn -0.991572 0.122418 0.042422
vn 0.991572 0.122418 0.042422
vn 0.963977 0.255362 0.074429
vn -0.963976 0.255362 0.074429
vn 0.950749 0.297393 0.087368
vn -0.950749 0.297393 0.087368
vn 0.332267 0.904228 0.268272
vn 0.321350 0.915712 0.241260
vn -0.321350 0.915712 0.241260
vn -0.332267 0.904228 0.268272
vn 0.314010 0.927642 0.202186
vn -0.314010 0.927642 0.202186
vn 0.262508 0.930235 0.256421
vn 0.000000 0.972443 0.233141
vn -0.262508 0.930235 0.256421
vn 0.267246 0.921915 0.280450
vn -0.267245 0.921915 0.280450
vn 0.962021 0.265124 0.065003
vn 0.955346 0.285990 0.074325
vn -0.955346 0.285989 0.074325
vn -0.962021 0.265124 0.065003
vn 0.976774 0.208914 0.047610
vn -0.976774 0.208914 0.047610
vn -0.993371 0.110083 0.033109
vn 0.993371 0.110084 0.033109
vn 0.999567 -0.016615 0.024297
vn -0.999567 -0.016616 0.024297
vn 0.000000 0.967636 0.252351
vn 0.201909 0.940835 0.272145
vn 0.151825 0.971661 0.181176
vn 0.000001 0.966007 0.258517
vn -0.201909 0.940835 0.272145
vn -0.151825 0.971661 0.181176
vn 0.202231 0.936761 0.285625
vn 0.149891 0.972411 0.178744
vn -0.202231 0.936761 0.285625
vn -0.149891 0.972411 0.178744
vn 0.960630 0.271209 0.060291
vn 0.968370 0.245568 0.044220
vn 0.977910 0.208734 0.011050
vn 0.969734 0.242641 0.027224
vn -0.968370 0.245568 0.044220
vn -0.960630 0.271209 0.060291
vn -0.969734 0.242641 0.027224
vn -0.977910 0.208734 0.011050
vn 0.975868 0.217244 0.022080
vn 0.985237 0.170454 -0.015911
vn -0.975868 0.217244 0.022080
vn -0.985237 0.170454 -0.015911
vn -0.981116 0.193379 0.004014
vn -0.985894 0.162988 -0.038045
vn 0.981116 0.193380 0.004014
vn 0.985894 0.162988 -0.038045
vn 0.985447 0.169985 0.000132
vn 0.985439 0.163918 -0.045168
vn -0.985447 0.169984 0.000132
vn -0.985439 0.163918 -0.045168
vn 0.198669 -0.529916 -0.824451
vn 0.198668 -0.391030 -0.898681
vn 0.184264 -0.370756 -0.910268
vn 0.175607 -0.459785 -0.870494
vn -0.198666 -0.391030 -0.898681
vn -0.198667 -0.529916 -0.824451
vn -0.175606 -0.459785 -0.870494
vn -0.184263 -0.370756 -0.910268
vn 0.000000 -0.369719 -0.929144
vn 0.000000 -0.433406 -0.901199
vn 0.143535 -0.662770 -0.734938
vn 0.165702 -0.722430 -0.671295
vn -0.165702 -0.722430 -0.671295
vn -0.143535 -0.662770 -0.734938
vn 0.000000 -0.625753 -0.780021
vn 0.069861 -0.839821 -0.538350
vn 0.070237 -0.870161 -0.487737
vn -0.070236 -0.870161 -0.487737
vn -0.069860 -0.839821 -0.538350
vn 0.000000 -0.815196 -0.579185
vn -0.069081 -0.916488 -0.394053
vn -0.029597 -0.929376 -0.367947
vn 0.029598 -0.929376 -0.367947
vn 0.069081 -0.916488 -0.394053
vn 0.000000 -0.865391 -0.501097
vn 0.094153 0.994951 0.034745
vn 0.093473 0.995058 0.033505
vn -0.093473 0.995058 0.033505
vn -0.094153 0.994951 0.034745
vn 0.990005 0.133685 -0.044935
vn 0.985633 0.165775 -0.032333
vn -0.985633 0.165775 -0.032333
vn -0.990005 0.133685 -0.044935
vn 0.992627 0.088904 -0.082391
vn 0.992860 0.091960 -0.075971
vn -0.992860 0.091960 -0.075971
vn -0.992627 0.088904 -0.082391
vn 0.993020 0.100679 -0.061443
vn -0.993020 0.100679 -0.061443
vn -0.188073 -0.952035 -0.241366
vn -0.105931 -0.964738 -0.240955
vn 0.105931 -0.964738 -0.240955
vn 0.188073 -0.952035 -0.241366
vn -0.277957 -0.853756 -0.440273
vn -0.368403 -0.899707 -0.234109
vn 0.368403 -0.899707 -0.234109
vn 0.277957 -0.853756 -0.440273
vn -0.000001 -0.744351 -0.667788
vn -0.508692 0.743985 -0.433266
vn -0.615868 0.787723 -0.014123
vn -0.604731 0.790987 -0.092947
vn -0.508692 0.743985 -0.433266
vn 0.615867 0.787724 -0.014123
vn 0.508690 0.743986 -0.433266
vn 0.508690 0.743986 -0.433266
vn 0.604730 0.790988 -0.092947
vn -0.645193 0.763839 0.016620
vn -0.642392 0.766102 0.020515
vn 0.642392 0.766102 0.020515
vn 0.645192 0.763840 0.016620
vn -0.688778 0.059291 -0.722543
vn -0.689351 0.059730 -0.721961
vn -0.680756 0.057559 -0.730245
vn -0.680676 0.058206 -0.730268
vn 0.689351 0.059730 -0.721961
vn 0.688778 0.059291 -0.722543
vn 0.680675 0.058206 -0.730270
vn 0.680755 0.057559 -0.730246
vn -0.999997 -0.002422 -0.000890
vn -0.999993 -0.003595 -0.001361
vn -0.999945 -0.009510 -0.004445
vn -0.999994 -0.002058 -0.002710
vn 0.999994 -0.002058 -0.002710
vn 0.999945 -0.009510 -0.004445
vn 0.999993 -0.003595 -0.001361
vn 0.999997 -0.002422 -0.000890
vn 0.052937 0.998221 -0.027425
vn 0.052904 0.998222 -0.027463
vn -0.052904 0.998222 -0.027463
vn -0.052937 0.998221 -0.027425
vn 0.994778 0.060221 -0.082400
vn 0.994425 0.068786 -0.079922
vn -0.994425 0.068786 -0.079922
vn -0.994778 0.060221 -0.082400
vn 0.994873 0.016958 -0.099698
vn 0.994979 0.028129 -0.096046
vn -0.994979 0.028129 -0.096046
vn -0.994873 0.016958 -0.099698
vn 0.995043 0.044670 -0.088852
vn -0.995043 0.044670 -0.088852
vn -0.220436 -0.965846 -0.136198
vn -0.126632 -0.981735 -0.141989
vn 0.126633 -0.981735 -0.141989
vn 0.220436 -0.965846 -0.136198
vn -0.436430 -0.891275 -0.123116
vn 0.436430 -0.891275 -0.123116
vn -0.679623 0.733133 -0.025080
vn -0.677569 0.735102 -0.022915
vn 0.677569 0.735102 -0.022915
vn 0.679623 0.733133 -0.025080
vn -1.000000 0.000037 -0.000074
vn -0.999785 0.020736 -0.001027
vn 0.999785 0.020736 -0.001027
vn 1.000000 0.000037 -0.000074
vn 0.029297 0.998126 -0.053724
vn 0.029297 0.998126 -0.053724
vn -0.029297 0.998126 -0.053724
vn -0.029297 0.998126 -0.053724
vn 0.994925 0.010292 -0.100090
vn 0.994929 0.011988 -0.099861
vn -0.994929 0.011988 -0.099861
vn -0.994925 0.010292 -0.100090
vn 0.993073 -0.044534 -0.108733
vn 0.994241 -0.020612 -0.105171
vn -0.994241 -0.020612 -0.105171
vn -0.993073 -0.044534 -0.108733
vn 0.994882 0.006830 -0.100814
vn -0.994882 0.006830 -0.100814
vn -0.208048 -0.974154 -0.087976
vn -0.124408 -0.988083 -0.090632
vn 0.124408 -0.988083 -0.090632
vn 0.208047 -0.974154 -0.087976
vn -0.478851 -0.874748 -0.074285
vn 0.478850 -0.874748 -0.074285
vn -0.698142 0.714543 -0.045013
vn -0.698142 0.714543 -0.045013
vn 0.698142 0.714543 -0.045013
vn 0.698142 0.714543 -0.045013
vn -1.000000 0.000036 -0.000260
vn -0.998765 0.049602 -0.002734
vn 0.998765 0.049602 -0.002734
vn 1.000000 0.000036 -0.000260
vn 0.671454 -0.093303 -0.735149
vn 0.664758 -0.104255 -0.739748
vn 0.618408 -0.159116 -0.769580
vn 0.617032 -0.159249 -0.770657
vn -0.664753 -0.104257 -0.739753
vn -0.671450 -0.093305 -0.735153
vn -0.617021 -0.159250 -0.770665
vn -0.618398 -0.159118 -0.769588
vn -0.004765 -0.015760 -0.999864
vn -0.004765 -0.015760 -0.999865
vn 0.003929 0.022524 -0.999739
vn 0.002249 0.015124 -0.999883
vn 0.004769 -0.015760 -0.999865
vn 0.004769 -0.015760 -0.999864
vn -0.002247 0.015124 -0.999883
vn -0.003928 0.022524 -0.999739
vn -0.012797 0.048407 -0.998746
vn -0.011465 0.045911 -0.998880
vn 0.012795 0.048407 -0.998746
vn 0.011463 0.045911 -0.998880
vn -0.017061 0.030857 -0.999378
vn -0.017006 0.025965 -0.999518
vn 0.017005 0.025965 -0.999518
vn 0.017059 0.030857 -0.999378
vn -0.016816 0.009244 -0.999816
vn -0.016816 0.009244 -0.999816
vn 0.016816 0.009244 -0.999816
vn 0.016816 0.009244 -0.999816
vn -0.601830 -0.163570 -0.781694
vn -0.596383 -0.165825 -0.785385
vn -0.589731 -0.168553 -0.789815
vn -0.589731 -0.168553 -0.789815
vn -0.999988 -0.004882 -0.000708
vn -0.999996 -0.002689 -0.000400
vn -0.999988 -0.004828 -0.000455
vn -0.999964 -0.008520 -0.000632
vn -0.999642 -0.026444 -0.004148
vn -0.999938 -0.010988 -0.001837
vn -0.999180 -0.040022 -0.006189
vn -0.999717 -0.023502 -0.003770
vn -0.669928 0.031585 -0.741754
vn -0.672778 0.039340 -0.738798
vn -0.662916 0.013068 -0.748580
vn -0.662916 0.013068 -0.748580
vn 0.672778 0.039340 -0.738798
vn 0.669928 0.031585 -0.741754
vn 0.662918 0.013068 -0.748578
vn 0.662918 0.013068 -0.748578
vn 0.999938 -0.010988 -0.001837
vn 0.999717 -0.023502 -0.003770
vn 0.999180 -0.040022 -0.006189
vn 0.999642 -0.026444 -0.004148
vn 0.999996 -0.002689 -0.000400
vn 0.999988 -0.004882 -0.000708
vn 0.999988 -0.004828 -0.000455
vn 0.999964 -0.008520 -0.000632
vn 0.596384 -0.165825 -0.785384
vn 0.601835 -0.163569 -0.781691
vn 0.589727 -0.168553 -0.789818
vn 0.589727 -0.168553 -0.789818
vn 0.699660 -0.044494 -0.713089
vn 0.699660 -0.044494 -0.713089
vn 0.999495 0.031757 -0.001533
vn 0.995538 0.094230 -0.005031
vn 0.999994 0.000013 -0.003358
vn 0.999939 -0.009558 -0.005480
vn 0.694611 0.063785 -0.716552
vn 0.694611 0.063785 -0.716552
vn -0.694611 0.063785 -0.716552
vn -0.694611 0.063785 -0.716552
vn -0.999939 -0.009558 -0.005480
vn -0.999994 0.000013 -0.003358
vn -0.999494 0.031757 -0.001533
vn -0.995538 0.094230 -0.005031
vn -0.699660 -0.044494 -0.713089
vn -0.699660 -0.044494 -0.713089
s 1
g polySurface5
usemtl initialShadingGroup
f 130/1/1 131/1193/2 3/3/3 4/4/4
s 2
f 139/5/5 140/6/6 5/7/7 6/1244/8
s 1
f 4/4/4 3/3/3 9/1245/9 10/1246/10
s 2
f 6/1244/8 5/7/7 11/1242/11 12/1243/12
s 3
f 9/9/13 3/1194/14 13/13/15 14/1223/16
f 6/8/17 12/12/18 16/1221/19 15/1241/20
f 82/17/21 83/1210/22 18/1202/23 17/20/24
f 16/1221/19 12/12/18 104/21/25 105/1201/26
s 5
f 81/23/27 82/17/28 17/20/29 20/24/30
f 103/25/31 104/21/32 12/12/33 21/1213/34
f 10/10/35 9/9/36 19/1219/37 22/1217/38
f 12/12/33 11/11/39 23/1215/40 21/1213/34
f 77/30/41 78/1212/42 25/1206/43 24/33/44
f 23/1215/40 11/11/39 99/34/45 100/1205/46
s 6
f 76/36/47 77/30/48 24/33/49 26/37/50
f 11/11/51 5/7/52 98/38/53 99/34/54
s 3
f 3/1194/14 131/2/55 132/1191/56 13/13/15
f 138/40/57 139/1187/58 6/8/17 15/1241/20
s 1
f 2/41/59 1/42/60 29/1238/61 30/1239/62
s 2
f 8/45/63 7/46/64 31/1236/65 32/1237/66
s 6
f 94/49/67 95/50/68 33/51/69 34/52/70
f 8/45/71 32/48/72 116/53/73 117/54/74
s 11
f 93/55/75 94/49/76 34/52/77 36/56/78
f 115/57/79 116/53/80 32/48/81 37/1227/82
f 29/43/83 35/1231/84 38/1229/85 30/1324/86
f 37/1227/82 32/48/81 31/1323/87 39/1225/88
f 89/62/89 90/1208/90 41/1198/91 40/65/92
f 39/1225/88 31/1323/87 111/66/93 112/1197/94
s 3
f 2/1240/95 30/44/96 42/1234/97 27/1235/98
f 31/47/99 7/1180/100 28/70/101 43/1233/102
f 88/72/103 89/1322/104 40/1321/105 44/73/106
f 110/74/107 111/1320/108 31/47/99 43/1233/102
s off
f 38/60/109 35/1232/110 45/75/111 46/76/112
f 37/58/113 39/1226/114 48/77/115 47/78/116
s 14
f 92/79/117 93/1207/118 36/1196/119 49/80/120
f 114/81/121 115/1195/122 37/1228/123 47/78/124
s 15
f 41/64/125 90/63/126 91/82/127 50/83/128
f 39/61/129 112/67/130 113/84/131 48/77/132
s 16
f 49/80/133 50/83/134 91/82/135 92/79/136
f 113/84/137 114/81/138 47/78/139 48/77/140
s 17
f 13/1192/141 132/39/142 133/85/143 52/86/144
s 18
f 137/87/145 138/1189/146 15/16/147 53/88/148
s 17
f 27/69/149 42/68/150 55/89/151 51/90/152
s 18
f 43/71/153 28/1182/154 54/91/155 56/92/156
s 21
f 87/93/157 88/1209/158 44/1200/159 57/94/160
f 109/95/161 110/1199/162 43/71/163 56/92/164
s 22
f 18/19/165 83/18/166 84/96/167 59/97/168
f 16/15/169 105/22/170 106/98/171 60/99/172
s 17
f 58/100/173 14/14/174 13/1192/141 52/86/144
s 18
f 16/1222/175 60/99/176 53/88/148 15/16/147
s 23
f 84/96/177 85/101/178 61/102/179 59/97/180
f 53/88/181 60/99/182 106/98/183 107/103/184
f 62/104/185 86/105/186 87/93/187 57/94/188
f 54/91/189 108/106/190 109/95/191 56/92/192
f 85/101/178 134/107/193 135/108/194 61/102/179
f 136/109/195 137/87/196 53/88/181 107/103/184
s off
f 22/28/197 19/1220/198 63/110/199 64/111/200
f 21/26/201 23/1216/202 65/112/203 66/113/204
s 26
f 80/114/205 81/1211/206 20/1204/207 67/115/208
f 21/1214/209 66/113/210 102/116/211 103/1203/212
s 27
f 25/32/213 78/31/214 79/117/215 68/118/216
f 23/29/217 100/35/218 101/119/219 65/112/220
s 28
f 101/119/221 102/116/222 66/113/223 65/112/224
f 79/117/225 80/114/226 67/115/227 68/118/228
s 6
f 33/51/69 95/50/68 96/1177/229 70/1161/230
f 8/45/71 117/54/74 118/1174/231 71/1164/232
f 75/1178/233 76/36/47 26/37/50 73/1176/234
f 97/1175/235 98/38/53 5/7/52 74/1169/236
f 4/4/237 76/36/47 75/1178/233 72/1170/238
f 4/4/237 10/10/239 77/30/48 76/36/47
s 5
f 10/10/35 22/1217/38 78/1212/42 77/30/41
s 27
f 79/117/215 78/31/214 22/1218/240 64/111/241
s 28
f 63/110/242 80/114/226 79/117/225 64/111/243
s 26
f 63/110/244 19/27/245 81/1211/206 80/114/205
s 5
f 9/9/36 82/17/28 81/23/27 19/1219/37
s 3
f 9/9/13 14/1223/16 83/1210/22 82/17/21
s 22
f 84/96/167 83/18/166 14/1224/246 58/100/247
s 23
f 58/100/248 52/86/249 85/101/178 84/96/177
f 52/86/249 133/85/250 134/107/193 85/101/178
f 87/93/187 86/105/186 51/90/251 55/89/252
s 21
f 42/68/253 88/1209/158 87/93/157 55/89/254
s 3
f 30/44/96 89/1322/104 88/72/103 42/1234/97
s 11
f 30/1324/86 38/1229/85 90/1208/90 89/62/89
s 15
f 91/82/127 90/63/126 38/1230/255 46/76/256
s 16
f 92/79/136 91/82/135 46/76/257 45/75/258
s 14
f 35/59/259 93/1207/118 92/79/117 45/75/260
s 11
f 29/43/83 94/49/76 93/55/75 35/1231/84
s 6
f 29/43/261 1/42/262 95/50/68 94/49/67
f 96/1177/229 95/50/68 1/42/262 69/1167/263
f 26/37/50 98/38/53 97/1175/235 73/1176/234
f 99/34/54 98/38/53 26/37/50 24/33/49
s 5
f 100/1205/46 99/34/45 24/33/44 25/1206/43
s 27
f 101/119/219 100/35/218 25/32/213 68/118/216
s 28
f 67/115/227 102/116/222 101/119/221 68/118/228
s 26
f 103/1203/212 102/116/211 67/115/208 20/1204/207
s 5
f 17/20/29 104/21/32 103/25/31 20/24/30
s 3
f 105/1201/26 104/21/25 17/20/24 18/1202/23
s 22
f 106/98/171 105/22/170 18/19/165 59/97/168
s 23
f 107/103/184 106/98/183 59/97/180 61/102/179
f 135/108/194 136/109/195 107/103/184 61/102/179
f 109/95/191 108/106/190 62/104/185 57/94/188
s 21
f 44/1200/159 110/1199/162 109/95/161 57/94/160
s 3
f 40/1321/105 111/1320/108 110/74/107 44/73/106
s 11
f 112/1197/94 111/66/93 40/65/92 41/1198/91
s 15
f 113/84/131 112/67/130 41/64/125 50/83/128
s 16
f 50/83/134 49/80/133 114/81/138 113/84/137
s 14
f 36/1196/119 115/1195/122 114/81/121 49/80/120
s 11
f 34/52/77 116/53/80 115/57/79 36/56/78
s 6
f 117/54/74 116/53/73 34/52/70 33/51/69
f 118/1174/231 117/54/74 33/51/69 70/1161/230
s 1
f 141/130/264 142/1185/265 120/132/266 119/133/267
s 3
f 121/134/268 120/1186/269 142/131/270 143/1183/271
s 17
f 122/136/272 121/1184/273 143/135/274 144/137/275
s 23
f 123/138/276 122/136/277 144/137/278 145/139/279
f 124/140/280 123/138/276 145/139/279 146/141/281
f 146/141/281 147/142/282 125/143/283 124/140/280
f 147/142/282 148/144/284 126/145/285 125/143/283
s 18
f 148/144/286 149/1181/287 127/1190/288 126/145/289
s 3
f 149/146/290 150/1179/291 128/1188/292 127/147/293
s 2
f 150/148/294 151/150/295 129/151/296 128/149/297
s 1
f 119/133/267 120/132/266 131/1193/2 130/1/1
s 3
f 132/1191/56 131/2/55 120/1186/269 121/134/268
s 17
f 133/85/143 132/39/142 121/1184/273 122/136/272
s 23
f 134/107/193 133/85/250 122/136/277 123/138/276
f 135/108/194 134/107/193 123/138/276 124/140/280
f 124/140/280 125/143/283 136/109/195 135/108/194
f 125/143/283 126/145/285 137/87/196 136/109/195
s 18
f 126/145/289 127/1190/288 138/1189/146 137/87/145
s 3
f 127/147/293 128/1188/292 139/1187/58 138/40/57
s 2
f 128/149/297 129/151/296 140/6/6 139/5/5
s 1
f 1/42/60 2/41/59 142/1185/265 141/130/264
s 3
f 143/1183/271 142/131/270 2/1240/95 27/1235/98
s 17
f 144/137/275 143/135/274 27/69/149 51/90/152
s 23
f 145/139/279 144/137/278 51/90/251 86/105/186
f 146/141/281 145/139/279 86/105/186 62/104/185
f 108/106/190 147/142/282 146/141/281 62/104/185
f 54/91/189 148/144/284 147/142/282 108/106/190
s 18
f 28/1182/154 149/1181/287 148/144/286 54/91/155
s 3
f 7/1180/100 150/1179/291 149/146/290 28/70/101
s 2
f 8/45/63 151/150/295 150/148/294 7/46/64
s 6
f 140/6/298 129/151/299 152/1172/300 153/1168/301
f 119/133/302 130/1/303 154/1171/304 155/1173/305
f 141/130/306 119/133/302 155/1173/305 156/1166/307
f 129/151/299 151/150/308 157/1165/309 152/1172/300
f 154/1171/304 130/1/303 4/4/237 72/1170/238
f 140/6/298 153/1168/301 74/1169/236 5/7/52
f 69/1167/263 1/42/262 141/130/306 156/1166/307
f 8/45/71 71/1164/232 157/1165/309 151/150/308
s 31
f 96/120/310 69/129/311 158/1148/312 159/1160/313
f 71/123/314 118/122/315 161/1155/316 160/1145/317
f 72/128/318 75/124/319 163/1163/320 162/1151/321
f 97/126/322 74/127/323 164/1150/324 165/1158/325
f 75/124/319 73/125/326 166/1159/327 163/1163/320
f 70/121/328 96/120/310 159/1160/313 167/1156/329
f 73/125/326 97/126/322 165/1158/325 166/1159/327
f 118/122/315 70/1162/328 167/1157/329 161/1155/316
f 153/153/330 152/152/331 168/1153/332 169/1149/333
f 155/155/334 154/154/335 170/1152/336 171/1154/337
f 156/156/338 155/155/334 171/1154/337 172/1147/339
f 152/152/331 157/157/340 173/1146/341 168/1153/332
f 154/154/335 72/128/318 162/1151/321 170/1152/336
f 74/127/323 153/153/330 169/1149/333 164/1150/324
f 69/129/311 156/156/338 172/1147/339 158/1148/312
f 157/157/340 71/123/314 160/1145/317 173/1146/341
s 36
f 159/159/342 158/158/343 174/1133/344 175/1143/345
f 160/161/346 161/160/347 177/1140/348 176/1130/349
f 162/163/350 163/162/351 179/1144/352 178/1136/353
f 165/165/354 164/164/355 180/1135/356 181/1141/357
f 163/162/351 166/166/358 182/1142/359 179/1144/352
f 167/167/360 159/159/342 175/1143/345 183/1127/361
f 166/166/358 165/165/354 181/1141/357 182/1142/359
f 161/160/347 167/167/360 183/1127/361 177/1140/348
f 169/169/362 168/168/363 184/1138/364 185/1134/365
f 171/171/366 170/170/367 186/1137/368 187/1139/369
f 172/172/370 171/171/366 187/1139/369 188/1132/371
f 168/168/363 173/173/372 189/1131/373 184/1138/364
f 170/170/367 162/163/350 178/1136/353 186/1137/368
f 164/164/355 169/169/362 185/1134/365 180/1135/356
f 158/158/343 172/172/370 188/1132/371 174/1133/344
f 173/173/372 160/161/346 176/1130/349 189/1131/373
s 41
f 175/175/374 174/174/375 190/1114/376 191/1126/377
f 176/177/378 177/176/379 193/1121/380 192/1111/381
f 178/179/382 179/178/383 195/1129/384 194/1117/385
f 181/181/386 180/180/387 196/1116/388 197/1124/389
f 179/178/383 182/182/390 198/1125/391 195/1129/384
f 183/183/392 175/175/374 191/1126/377 199/1122/393
f 182/182/390 181/181/386 197/1124/389 198/1125/391
f 177/176/379 183/1128/392 199/1123/393 193/1121/380
f 185/185/394 184/184/395 200/1119/396 201/1115/397
f 187/187/398 186/186/399 202/1118/400 203/1120/401
f 188/188/402 187/187/398 203/1120/401 204/1113/403
f 184/184/395 189/189/404 205/1112/405 200/1119/396
f 186/186/399 178/179/382 194/1117/385 202/1118/400
f 180/180/387 185/185/394 201/1115/397 196/1116/388
f 174/174/375 188/188/402 204/1113/403 190/1114/376
f 189/189/404 176/177/378 192/1111/381 205/1112/405
s 46
f 191/191/406 190/190/407 206/1098/408 207/1109/409
f 192/193/410 193/192/411 209/1105/412 208/1095/413
f 194/195/414 195/194/415 211/1110/416 210/1101/417
f 197/197/418 196/196/419 212/1100/420 213/1107/421
f 195/194/415 198/198/422 214/1108/423 211/1110/416
f 199/199/424 191/191/406 207/1109/409 215/1106/425
f 198/198/422 197/197/418 213/1107/421 214/1108/423
f 193/192/411 199/199/424 215/1106/425 209/1105/412
f 201/201/426 200/200/427 216/1103/428 217/1099/429
f 203/203/430 202/202/431 218/1102/432 219/1104/433
f 204/204/434 203/203/430 219/1104/433 220/1097/435
f 200/200/427 205/205/436 221/1096/437 216/1103/428
f 202/202/431 194/195/414 210/1101/417 218/1102/432
f 196/196/419 201/201/426 217/1099/429 212/1100/420
f 190/190/407 204/204/434 220/1097/435 206/1098/408
f 205/205/436 192/193/410 208/1095/413 221/1096/437
s 51
f 207/207/438 206/206/439 222/1082/440 223/1093/441
f 208/209/442 209/208/443 225/1089/444 224/1079/445
f 210/211/446 211/210/447 227/1094/448 226/1085/449
f 213/213/450 212/212/451 228/1084/452 229/1091/453
f 211/210/447 214/214/454 230/1092/455 227/1094/448
f 215/215/456 207/207/438 223/1093/441 231/1090/457
f 214/214/454 213/213/450 229/1091/453 230/1092/455
f 209/208/443 215/215/456 231/1090/457 225/1089/444
f 217/217/458 216/216/459 232/1087/460 233/1083/461
f 219/219/462 218/218/463 234/1086/464 235/1088/465
f 220/220/466 219/219/462 235/1088/465 236/1081/467
f 216/216/459 221/221/468 237/1080/469 232/1087/460
f 218/218/463 210/211/446 226/1085/449 234/1086/464
f 212/212/451 217/217/458 233/1083/461 228/1084/452
f 206/206/439 220/220/466 236/1081/467 222/1082/440
f 221/221/468 208/209/442 224/1079/445 237/1080/469
s 56
f 223/223/470 222/222/471 238/1067/472 239/1077/473
f 224/225/474 225/224/475 241/1074/476 240/1064/477
f 226/227/478 227/226/479 243/1078/480 242/1070/481
f 229/229/482 228/228/483 244/1069/484 245/1075/485
f 227/226/479 230/230/486 246/1076/487 243/1078/480
f 231/231/488 223/223/470 239/1077/473 247/1061/489
f 230/230/486 229/229/482 245/1075/485 246/1076/487
f 225/224/475 231/231/488 247/1061/489 241/1074/476
f 233/233/490 232/232/491 248/1072/492 249/1068/493
f 235/235/494 234/234/495 250/1071/496 251/1073/497
f 236/236/498 235/235/494 251/1073/497 252/1066/499
f 232/232/491 237/237/500 253/1065/501 248/1072/492
f 234/234/495 226/227/478 242/1070/481 250/1071/496
f 228/228/483 233/233/490 249/1068/493 244/1069/484
f 222/222/471 236/236/498 252/1066/499 238/1067/472
f 237/237/500 224/225/474 240/1064/477 253/1065/501
s 61
f 239/239/502 238/238/503 254/1048/504 255/1060/505
s 62
f 240/241/506 241/240/507 257/1055/508 256/1045/509
s 63
f 242/243/510 243/242/511 259/1063/512 258/1051/513
s 64
f 245/245/514 244/244/515 260/1050/516 261/1058/517
s 63
f 243/242/511 246/246/518 262/1059/519 259/1063/512
s 61
f 247/247/520 239/239/502 255/1060/505 263/1056/521
s 64
f 246/246/522 245/245/514 261/1058/517 262/1059/523
s 62
f 241/240/507 247/1062/524 263/1057/525 257/1055/508
s 65
f 249/249/526 248/248/527 264/1053/528 265/1049/529
s 66
f 251/251/530 250/250/531 266/1052/532 267/1054/533
f 252/252/534 251/251/530 267/1054/533 268/1047/535
s 65
f 248/248/527 253/253/536 269/1046/537 264/1053/528
s 66
f 250/250/531 242/243/538 258/1051/539 266/1052/532
s 65
f 244/244/540 249/249/526 265/1049/529 260/1050/541
s 66
f 238/238/542 252/252/534 268/1047/535 254/1048/543
s 65
f 253/253/536 240/241/544 256/1045/545 269/1046/537
s 67
f 255/255/546 254/254/547 270/1033/548 271/1043/549
f 256/257/550 257/256/551 273/1040/552 272/1030/553
f 258/259/554 259/258/555 275/1044/556 274/1036/557
f 261/261/558 260/260/559 276/1035/560 277/1041/561
f 259/258/555 262/262/562 278/1042/563 275/1044/556
f 263/263/564 255/255/546 271/1043/549 279/1027/565
f 262/262/562 261/261/558 277/1041/561 278/1042/563
f 257/256/551 263/263/564 279/1027/565 273/1040/552
f 265/265/566 264/264/567 280/1038/568 281/1034/569
f 267/267/570 266/266/571 282/1037/572 283/1039/573
f 268/268/574 267/267/570 283/1039/573 284/1032/575
f 264/264/567 269/269/576 285/1031/577 280/1038/568
f 266/266/571 258/259/554 274/1036/557 282/1037/572
f 260/260/559 265/265/566 281/1034/569 276/1035/560
f 254/254/547 268/268/574 284/1032/575 270/1033/548
f 269/269/576 256/257/550 272/1030/553 285/1031/577
s 72
f 271/271/578 270/270/579 286/998/580 287/1009/581
f 272/273/582 273/272/583 289/1005/584 288/995/585
f 274/275/586 275/274/587 291/1010/588 290/1001/589
f 277/277/590 276/276/591 292/1000/592 293/1007/593
f 275/274/587 278/278/594 294/1008/595 291/1010/588
f 279/279/596 271/271/578 287/1009/581 295/1006/597
f 278/278/594 277/277/590 293/1007/593 294/1008/595
f 273/272/583 279/1028/596 295/1029/597 289/1005/584
f 281/281/598 280/280/599 296/1003/600 297/999/601
f 283/283/602 282/282/603 298/1002/604 299/1004/605
f 284/284/606 283/283/602 299/1004/605 300/997/607
f 280/280/599 285/285/608 301/996/609 296/1003/600
f 282/282/603 274/275/586 290/1001/589 298/1002/604
f 276/276/591 281/281/598 297/999/601 292/1000/592
f 270/270/579 284/284/606 300/997/607 286/998/580
f 285/285/608 272/273/582 288/995/585 301/996/609
s 77
f 287/287/610 286/286/611 302/983/612 303/993/613
f 288/289/614 289/288/615 305/990/616 304/980/617
f 290/291/618 291/290/619 307/994/620 306/986/621
f 293/293/622 292/292/623 308/985/624 309/991/625
f 291/290/619 294/294/626 310/992/627 307/994/620
f 295/295/628 287/287/610 303/993/613 311/977/629
f 294/294/626 293/293/622 309/991/625 310/992/627
f 289/288/615 295/295/628 311/977/629 305/990/616
f 297/297/630 296/296/631 312/988/632 313/984/633
f 299/299/634 298/298/635 314/987/636 315/989/637
f 300/300/638 299/299/634 315/989/637 316/982/639
f 296/296/631 301/301/640 317/981/641 312/988/632
f 298/298/635 290/291/618 306/986/621 314/987/636
f 292/292/623 297/297/630 313/984/633 308/985/624
f 286/286/611 300/300/638 316/982/639 302/983/612
f 301/301/640 288/289/614 304/980/617 317/981/641
s 82
f 303/303/642 302/302/643 318/966/644 319/976/645
s 83
f 304/305/646 305/304/647 321/973/648 320/963/649
s 84
f 306/307/650 307/306/651 323/979/652 322/969/653
s 85
f 309/309/654 308/308/655 324/968/656 325/974/657
s 84
f 307/306/651 310/310/658 326/975/659 323/979/652
s 82
f 311/311/660 303/303/642 319/976/645 327/959/661
s 85
f 310/310/662 309/309/654 325/974/657 326/975/663
s 83
f 305/304/647 311/978/664 327/960/665 321/973/648
s 86
f 313/313/666 312/312/667 328/971/668 329/967/669
s 87
f 315/315/670 314/314/671 330/970/672 331/972/673
f 316/316/674 315/315/670 331/972/673 332/965/675
s 86
f 312/312/667 317/317/676 333/964/677 328/971/668
s 87
f 314/314/671 306/307/678 322/969/679 330/970/672
s 86
f 308/308/680 313/313/666 329/967/669 324/968/681
s 87
f 302/302/682 316/316/674 332/965/675 318/966/683
s 86
f 317/317/676 304/305/684 320/963/685 333/964/677
s 82
f 319/319/645 318/318/644 334/948/686 335/958/687
s 83
f 320/321/649 321/320/648 337/955/688 336/945/689
s 84
f 322/323/653 323/322/652 339/962/690 338/951/691
s 85
f 325/325/657 324/324/656 340/950/692 341/956/693
s 84
f 323/322/652 326/326/659 342/957/694 339/962/690
s 82
f 327/327/661 319/319/645 335/958/687 343/941/695
s 85
f 326/326/663 325/325/657 341/956/693 342/957/696
s 83
f 321/320/648 327/961/665 343/942/697 337/955/688
s 86
f 329/329/669 328/328/668 344/953/698 345/949/699
s 87
f 331/331/673 330/330/672 346/952/700 347/954/701
f 332/332/675 331/331/673 347/954/701 348/947/702
s 86
f 328/328/668 333/333/677 349/946/703 344/953/698
s 87
f 330/330/672 322/323/679 338/951/704 346/952/700
s 86
f 324/324/681 329/329/669 345/949/699 340/950/705
s 87
f 318/318/683 332/332/675 348/947/702 334/948/706
s 86
f 333/333/677 320/321/685 336/945/707 349/946/703
s 82
f 335/335/687 334/334/686 350/928/708 351/940/709
s 83
f 336/337/689 337/336/688 353/935/710 352/925/711
s 84
f 338/339/691 339/338/690 355/944/712 354/931/713
s 85
f 341/341/693 340/340/692 356/930/714 357/938/715
s 84
f 339/338/690 342/342/694 358/939/716 355/944/712
s 82
f 343/343/695 335/335/687 351/940/709 359/936/717
s 85
f 342/342/696 341/341/693 357/938/715 358/939/718
s 83
f 337/336/688 343/943/697 359/937/719 353/935/710
s 86
f 345/345/699 344/344/698 360/933/720 361/929/721
s 87
f 347/347/701 346/346/700 362/932/722 363/934/723
f 348/348/702 347/347/701 363/934/723 364/927/724
s 86
f 344/344/698 349/349/703 365/926/725 360/933/720
s 87
f 346/346/700 338/339/704 354/931/726 362/932/722
s 86
f 340/340/705 345/345/699 361/929/721 356/930/727
s 87
f 334/334/706 348/348/702 364/927/724 350/928/728
s 86
f 349/349/703 336/337/707 352/925/729 365/926/725
s 88
f 351/351/730 350/350/731 366/753/732 367/763/733
f 352/353/734 353/352/735 369/760/736 368/750/737
f 354/355/738 355/354/739 371/764/740 370/756/741
f 357/357/742 356/356/743 372/755/744 373/761/745
f 355/354/739 358/358/746 374/762/747 371/764/740
f 359/359/748 351/351/730 367/763/733 375/747/749
f 358/358/746 357/357/742 373/761/745 374/762/747
f 353/352/735 359/359/748 375/747/749 369/760/736
f 361/361/750 360/360/751 376/758/752 377/754/753
f 363/363/754 362/362/755 378/757/756 379/759/757
f 364/364/758 363/363/754 379/759/757 380/752/759
f 360/360/751 365/365/760 381/751/761 376/758/752
f 362/362/755 354/355/738 370/756/741 378/757/756
f 356/356/743 361/361/750 377/754/753 372/755/744
f 350/350/731 364/364/758 380/752/759 366/753/732
f 365/365/760 352/353/734 368/750/737 381/751/761
s 93
f 367/367/762 366/366/763 382/734/764 383/746/765
s 94
f 368/369/766 369/368/767 385/741/768 384/731/769
s 95
f 370/371/770 371/370/771 387/749/772 386/737/773
s 96
f 373/373/774 372/372/775 388/736/776 389/744/777
s 95
f 371/370/771 374/374/778 390/745/779 387/749/772
s 93
f 375/375/780 367/367/762 383/746/765 391/742/781
s 96
f 374/374/782 373/373/774 389/744/777 390/745/783
s 94
f 369/368/767 375/748/784 391/743/785 385/741/768
s 97
f 377/377/786 376/376/787 392/739/788 393/735/789
s 98
f 379/379/790 378/378/791 394/738/792 395/740/793
f 380/380/794 379/379/790 395/740/793 396/733/795
s 97
f 376/376/787 381/381/796 397/732/797 392/739/788
s 98
f 378/378/791 370/371/798 386/737/799 394/738/792
s 97
f 372/372/800 377/377/786 393/735/789 388/736/801
s 98
f 366/366/802 380/380/794 396/733/795 382/734/803
s 97
f 381/381/796 368/369/804 384/731/805 397/732/797
s 99
f 383/383/806 382/382/807 398/805/808 399/815/809
f 384/385/810 385/384/811 401/812/812 400/802/813
f 386/387/814 387/386/815 403/816/816 402/808/817
f 389/389/818 388/388/819 404/807/820 405/813/821
f 387/386/815 390/390/822 406/814/823 403/816/816
f 391/391/824 383/383/806 399/815/809 407/799/825
f 390/390/822 389/389/818 405/813/821 406/814/823
f 385/384/811 391/391/824 407/799/825 401/812/812
f 393/393/826 392/392/827 408/810/828 409/806/829
f 395/395/830 394/394/831 410/809/832 411/811/833
f 396/396/834 395/395/830 411/811/833 412/804/835
f 392/392/827 397/397/836 413/803/837 408/810/828
f 394/394/831 386/387/814 402/808/817 410/809/832
f 388/388/819 393/393/826 409/806/829 404/807/820
f 382/382/807 396/396/834 412/804/835 398/805/808
f 397/397/836 384/385/810 400/802/813 413/803/837
s 104
f 399/399/838 398/398/839 414/788/840 415/798/841
s 105
f 400/401/842 401/400/843 417/795/844 416/785/845
s 106
f 402/403/846 403/402/847 419/801/848 418/791/849
s 107
f 405/405/850 404/404/851 420/790/852 421/796/853
s 106
f 403/402/847 406/406/854 422/797/855 419/801/848
s 104
f 407/407/856 399/399/838 415/798/841 423/781/857
s 107
f 406/406/858 405/405/850 421/796/853 422/797/859
s 105
f 401/400/843 407/800/860 423/782/861 417/795/844
s 108
f 409/409/862 408/408/863 424/793/864 425/789/865
s 109
f 411/411/866 410/410/867 426/792/868 427/794/869
f 412/412/870 411/411/866 427/794/869 428/787/871
s 108
f 408/408/863 413/413/872 429/786/873 424/793/864
s 109
f 410/410/867 402/403/874 418/791/875 426/792/868
s 108
f 404/404/876 409/409/862 425/789/865 420/790/877
s 109
f 398/398/878 412/412/870 428/787/871 414/788/879
s 108
f 413/413/872 400/401/880 416/785/881 429/786/873
s 104
f 415/415/841 414/414/840 430/768/882 431/780/883
s 105
f 416/417/845 417/416/844 433/775/884 432/765/885
s 106
f 418/419/849 419/418/848 435/784/886 434/771/887
s 107
f 421/421/853 420/420/852 436/770/888 437/778/889
s 106
f 419/418/848 422/422/855 438/779/890 435/784/886
s 104
f 423/423/857 415/415/841 431/780/883 439/776/891
s 107
f 422/422/859 421/421/853 437/778/889 438/779/892
s 105
f 417/416/844 423/783/861 439/777/893 433/775/884
s 108
f 425/425/865 424/424/894 440/773/895 441/769/896
s 109
f 427/427/897 426/426/868 442/772/898 443/774/899
f 428/428/871 427/427/897 443/774/899 444/767/900
s 108
f 424/424/894 429/429/873 445/766/901 440/773/895
s 109
f 426/426/868 418/419/875 434/771/902 442/772/898
s 108
f 420/420/877 425/425/865 441/769/896 436/770/903
s 109
f 414/414/879 428/428/871 444/767/900 430/768/904
s 108
f 429/429/873 416/417/881 432/765/905 445/766/901
s 104
f 431/431/883 430/430/882 446/912/906 447/922/907
s 105
f 432/433/885 433/432/884 449/919/908 448/909/909
s 106
f 434/435/887 435/434/886 451/924/910 450/915/911
s 107
f 437/437/889 436/436/888 452/914/912 453/920/913
s 106
f 435/434/886 438/438/890 454/921/914 451/924/910
s 104
f 439/439/891 431/431/883 447/922/907 455/905/915
s 107
f 438/438/892 437/437/889 453/920/913 454/921/916
s 105
f 433/432/884 439/923/893 455/906/917 449/919/908
s 108
f 441/441/896 440/440/918 456/917/919 457/913/920
s 109
f 443/443/921 442/442/898 458/916/922 459/918/923
f 444/444/900 443/443/921 459/918/923 460/911/924
s 108
f 440/440/918 445/445/901 461/910/925 456/917/919
s 109
f 442/442/898 434/435/902 450/915/926 458/916/922
s 108
f 436/436/903 441/441/896 457/913/920 452/914/927
s 109
f 430/430/904 444/444/900 460/911/924 446/912/928
s 108
f 445/445/901 432/433/905 448/909/929 461/910/925
s 104
f 447/447/907 446/446/906 462/894/930 463/904/931
s 105
f 448/449/909 449/448/908 465/901/932 464/891/933
s 106
f 450/451/911 451/450/910 467/908/934 466/897/935
s 107
f 453/453/913 452/452/912 468/896/936 469/902/937
s 106
f 451/450/910 454/454/914 470/903/938 467/908/934
s 104
f 455/455/915 447/447/907 463/904/931 471/887/939
s 107
f 454/454/916 453/453/913 469/902/937 470/903/940
s 105
f 449/448/908 455/907/917 471/888/941 465/901/932
s 108
f 457/457/920 456/456/919 472/899/942 473/895/943
s 109
f 459/459/923 458/458/922 474/898/944 475/900/945
f 460/460/924 459/459/923 475/900/945 476/893/946
s 108
f 456/456/919 461/461/925 477/892/947 472/899/942
s 109
f 458/458/922 450/451/926 466/897/948 474/898/944
s 108
f 452/452/927 457/457/920 473/895/943 468/896/949
s 109
f 446/446/928 460/460/924 476/893/946 462/894/950
s 108
f 461/461/925 448/449/929 464/891/951 477/892/947
s 104
f 463/463/931 462/462/930 478/876/952 479/886/953
s 105
f 464/465/933 465/464/932 481/883/954 480/873/955
s 106
f 466/467/935 467/466/934 483/890/956 482/879/957
s 107
f 469/469/937 468/468/936 484/878/958 485/884/959
s 106
f 467/466/934 470/470/938 486/885/960 483/890/956
s 104
f 471/471/939 463/463/931 479/886/953 487/869/961
s 107
f 470/470/940 469/469/937 485/884/959 486/885/962
s 105
f 465/464/932 471/889/941 487/870/963 481/883/954
s 108
f 473/473/943 472/472/942 488/881/964 489/877/965
s 109
f 475/475/945 474/474/944 490/880/966 491/882/967
f 476/476/946 475/475/945 491/882/967 492/875/968
s 108
f 472/472/942 477/477/947 493/874/969 488/881/964
s 109
f 474/474/944 466/467/948 482/879/970 490/880/966
s 108
f 468/468/949 473/473/943 489/877/965 484/878/971
s 109
f 462/462/950 476/476/946 492/875/968 478/876/972
s 108
f 477/477/947 464/465/951 480/873/973 493/874/969
s 104
f 479/479/953 478/478/952 494/858/974 495/868/975
s 105
f 480/481/955 481/480/954 497/865/976 496/855/977
s 106
f 482/483/957 483/482/956 499/872/978 498/861/979
s 107
f 485/485/959 484/484/958 500/860/980 501/866/981
s 106
f 483/482/956 486/486/960 502/867/982 499/872/978
s 104
f 487/487/961 479/479/953 495/868/975 503/851/983
s 107
f 486/486/962 485/485/959 501/866/981 502/867/984
s 105
f 481/480/954 487/871/963 503/852/985 497/865/976
s 108
f 489/489/965 488/488/964 504/863/986 505/859/987
s 109
f 491/491/967 490/490/966 506/862/988 507/864/989
f 492/492/968 491/491/967 507/864/989 508/857/990
s 108
f 488/488/964 493/493/969 509/856/991 504/863/986
s 109
f 490/490/966 482/483/970 498/861/992 506/862/988
s 108
f 484/484/971 489/489/965 505/859/987 500/860/993
s 109
f 478/478/972 492/492/968 508/857/990 494/858/994
s 108
f 493/493/969 480/481/973 496/855/995 509/856/991
s 112
f 495/495/996 494/494/997 510/840/998 511/850/999
s 113
f 496/497/1000 497/496/1001 513/847/1002 512/837/1003
s 114
f 498/499/1004 499/498/1005 515/854/1006 514/843/1007
s 115
f 501/501/1008 500/500/1009 516/842/1010 517/848/1011
s 114
f 499/498/1005 502/502/1012 518/849/1013 515/854/1006
s 112
f 503/503/1014 495/495/996 511/850/999 519/833/1015
s 115
f 502/502/1016 501/501/1008 517/848/1011 518/849/1017
s 113
f 497/496/1001 503/853/1018 519/834/1019 513/847/1002
s 116
f 505/505/1020 504/504/1021 520/845/1022 521/841/1023
s 117
f 507/507/1024 506/506/1025 522/844/1026 523/846/1027
f 508/508/1028 507/507/1024 523/846/1027 524/839/1029
s 116
f 504/504/1021 509/509/1030 525/838/1031 520/845/1022
s 117
f 506/506/1025 498/499/1032 514/843/1033 522/844/1026
s 116
f 500/500/1034 505/505/1020 521/841/1023 516/842/1035
s 117
f 494/494/1036 508/508/1028 524/839/1029 510/840/1037
s 116
f 509/509/1030 496/497/1038 512/837/1039 525/838/1031
s 112
f 511/511/999 510/510/998 526/820/1040 527/832/1041
s 113
f 512/513/1003 513/512/1002 529/827/1042 528/817/1043
s 114
f 514/515/1007 515/514/1006 531/836/1044 530/823/1045
s 115
f 517/517/1011 516/516/1010 532/822/1046 533/830/1047
s 114
f 515/514/1006 518/518/1013 534/831/1048 531/836/1044
s 112
f 519/519/1015 511/511/999 527/832/1041 535/828/1049
s 115
f 518/518/1017 517/517/1011 533/830/1047 534/831/1050
s 113
f 513/512/1002 519/835/1019 535/829/1051 529/827/1042
s 116
f 521/521/1023 520/520/1022 536/825/1052 537/821/1053
s 117
f 523/523/1027 522/522/1026 538/824/1054 539/826/1055
f 524/524/1029 523/523/1027 539/826/1055 540/819/1056
s 116
f 520/520/1022 525/525/1031 541/818/1057 536/825/1052
s 117
f 522/522/1026 514/515/1033 530/823/1058 538/824/1054
s 116
f 516/516/1035 521/521/1023 537/821/1053 532/822/1059
s 117
f 510/510/1037 524/524/1029 540/819/1056 526/820/1060
s 116
f 525/525/1031 512/513/1039 528/817/1061 541/818/1057
s 118
f 527/527/1062 526/526/1063 542/1014/1064 543/1025/1065
f 528/529/1066 529/528/1067 545/1021/1068 544/1011/1069
f 530/531/1070 531/530/1071 547/1026/1072 546/1017/1073
f 533/533/1074 532/532/1075 548/1016/1076 549/1023/1077
f 531/530/1071 534/534/1078 550/1024/1079 547/1026/1072
f 535/535/1080 527/527/1062 543/1025/1065 551/1022/1081
f 534/534/1078 533/533/1074 549/1023/1077 550/1024/1079
f 529/528/1067 535/535/1080 551/1022/1081 545/1021/1068
f 537/537/1082 536/536/1083 552/1019/1084 553/1015/1085
f 539/539/1086 538/538/1087 554/1018/1088 555/1020/1089
f 540/540/1090 539/539/1086 555/1020/1089 556/1013/1091
f 536/536/1083 541/541/1092 557/1012/1093 552/1019/1084
f 538/538/1087 530/531/1070 546/1017/1073 554/1018/1088
f 532/532/1075 537/537/1082 553/1015/1085 548/1016/1076
f 526/526/1063 540/540/1090 556/1013/1091 542/1014/1064
f 541/541/1092 528/529/1066 544/1011/1069 557/1012/1093
s 123
f 543/543/1094 542/542/1095 558/558/1096 559/559/1097
f 544/545/1098 545/544/1099 561/560/1100 560/561/1101
s 125
f 546/547/1102 547/546/1103 563/562/1104 562/563/1105
s 126
f 549/549/1106 548/1318/1107 564/1315/1108 565/565/1109
s 125
f 547/546/1103 550/1317/1110 566/566/1111 563/562/1104
s 123
f 551/551/1112 543/543/1094 559/559/1097 567/567/1113
s 126
f 550/550/1114 549/549/1106 565/565/1109 566/566/1115
s 123
f 545/544/1099 551/551/1116 567/567/1117 561/560/1100
s 127
f 553/553/1118 552/552/1119 568/568/1120 569/569/1121
s 128
f 555/555/1122 554/554/1123 570/570/1124 571/571/1125
f 556/556/1126 555/555/1122 571/571/1125 572/572/1127
s 127
f 552/552/1119 557/557/1128 573/573/1129 568/568/1120
s 128
f 554/554/1123 546/1319/1130 562/1316/1131 570/570/1124
s 127
f 548/548/1132 553/553/1118 569/569/1121 564/564/1133
s 128
f 542/542/1134 556/556/1126 572/572/1127 558/558/1135
s 127
f 557/557/1128 544/545/1136 560/561/1137 573/573/1129
s 128
f 570/570/1124 562/1316/1131 574/1314/1138 575/575/1139
s 127
f 564/564/1133 569/569/1121 576/576/1140 577/1313/1141
f 569/569/1121 568/568/1120 578/578/1142 576/576/1140
s 128
f 571/571/1125 570/570/1124 575/575/1139 579/579/1143
f 572/572/1127 571/571/1125 579/579/1143 580/580/1144
s 127
f 568/568/1120 573/573/1129 581/581/1145 578/578/1142
s 128
f 558/558/1135 572/572/1127 580/580/1144 582/582/1146
s 127
f 573/573/1129 560/561/1137 583/583/1147 581/581/1145
s 123
f 559/559/1097 558/558/1096 582/582/1148 584/584/1149
f 560/561/1101 561/560/1100 585/585/1150 583/583/1151
f 567/567/1113 559/559/1097 584/584/1149 586/586/1152
f 561/560/1100 567/567/1117 586/586/1153 585/585/1150
f 586/586/1152 584/584/1149 587/587/1154 588/588/1155
f 585/585/1150 586/586/1153 588/588/1155 589/589/1156
f 584/584/1149 582/582/1148 590/590/1157 587/587/1154
f 583/583/1151 585/585/1150 589/589/1156 591/591/1158
s 128
f 582/582/1146 580/580/1144 592/592/1159 590/590/1160
s 127
f 581/581/1145 583/583/1147 591/591/1161 593/593/1162
s 128
f 580/580/1144 579/579/1143 594/594/1163 592/592/1159
s 127
f 578/578/1142 581/581/1145 593/593/1162 595/595/1164
f 576/576/1140 578/578/1142 595/595/1164 596/596/1165
s 128
f 579/579/1143 575/575/1139 597/597/1166 594/594/1163
f 575/575/1139 574/1314/1138 598/1311/1167 597/597/1166
s 127
f 577/1313/1141 576/576/1140 596/596/1165 599/1310/1168
s 123
f 619/600/1169 620/601/1170 600/1306/1171 601/1312/1172
f 618/604/1173 619/600/1169 601/1312/1172 602/1305/1174
f 620/601/1170 621/606/1175 603/607/1176 600/1306/1171
f 617/608/1177 618/604/1173 602/1305/1174 604/609/1178
s 128
f 621/606/1179 622/610/1180 605/611/1181 603/607/1182
s 127
f 616/612/1183 617/608/1184 604/609/1185 606/613/1186
s 128
f 622/610/1180 623/614/1187 607/615/1188 605/611/1181
s 127
f 615/616/1189 616/612/1183 606/613/1186 608/617/1190
f 614/618/1191 615/616/1189 608/617/1190 609/619/1192
s 128
f 623/614/1187 624/620/1193 610/621/1194 607/615/1188
f 624/620/1193 625/1308/1195 611/1304/1196 610/621/1194
s 127
f 613/1309/1197 614/618/1191 609/619/1192 612/625/1198
f 599/1310/1168 596/596/1165 614/618/1191 613/1309/1197
f 596/596/1165 595/595/1164 615/616/1189 614/618/1191
f 595/595/1164 593/593/1162 616/612/1183 615/616/1189
f 593/593/1162 591/591/1161 617/608/1184 616/612/1183
s 123
f 591/591/1158 589/589/1156 618/604/1173 617/608/1177
f 589/589/1156 588/588/1155 619/600/1169 618/604/1173
f 588/588/1155 587/587/1154 620/601/1170 619/600/1169
f 587/587/1154 590/590/1157 621/606/1175 620/601/1170
s 128
f 590/590/1160 592/592/1159 622/610/1180 621/606/1179
f 592/592/1159 594/594/1163 623/614/1187 622/610/1180
f 594/594/1163 597/597/1166 624/620/1193 623/614/1187
f 597/597/1166 598/1311/1167 625/1308/1195 624/620/1193
s 129
f 574/574/1199 562/563/1200 563/562/1201 626/626/1202
f 564/1315/1203 577/577/1204 627/627/1205 565/565/1206
f 626/626/1202 563/562/1201 566/566/1207 628/628/1208
f 565/565/1206 627/627/1205 628/628/1208 566/566/1207
f 574/574/1199 626/626/1202 629/629/1209 598/598/1210
f 627/627/1205 577/577/1204 599/599/1211 630/630/1212
f 629/629/1209 626/626/1202 628/628/1208 631/631/1213
f 627/627/1205 630/630/1212 631/631/1213 628/628/1208
f 598/598/1210 629/629/1209 632/632/1214 625/622/1215
f 630/630/1212 599/599/1211 613/624/1216 633/633/1217
f 632/632/1214 629/629/1209 631/631/1213 634/634/1218
f 630/630/1212 633/633/1217 634/634/1218 631/631/1213
f 625/622/1215 632/632/1214 635/1302/1219 611/623/1220
f 633/633/1217 613/624/1216 612/1303/1221 636/1301/1222
f 635/1302/1219 632/632/1214 634/634/1218 637/1307/1223
f 633/633/1217 636/1301/1222 637/1307/1223 634/634/1218
s 123
f 600/1306/1171 603/607/1176 638/638/1224 639/639/1225
f 604/609/1178 602/1305/1174 641/1293/1226 640/641/1227
s 128
f 603/607/1182 605/611/1181 642/642/1228 638/638/1229
s 127
f 606/613/1186 604/609/1185 640/641/1230 643/643/1231
s 128
f 610/621/1194 611/1304/1196 644/1292/1232 645/645/1233
s 127
f 612/625/1198 609/619/1192 646/646/1234 647/647/1235
s 128
f 605/611/1181 607/615/1188 648/648/1236 642/642/1228
s 127
f 608/617/1190 606/613/1186 643/643/1231 649/649/1237
f 609/619/1192 608/617/1190 649/649/1237 646/646/1234
s 128
f 607/615/1188 610/621/1194 645/645/1233 648/648/1236
s 129
f 611/623/1220 635/1302/1219 650/1290/1238 644/644/1239
f 636/1301/1222 612/1303/1221 647/1291/1240 651/651/1241
f 650/650/1238 635/635/1219 652/1300/1242 653/1288/1243
f 636/636/1222 651/1289/1241 655/1287/1244 654/1298/1245
f 635/635/1219 637/637/1223 656/1299/1246 652/1300/1242
f 637/637/1223 636/636/1222 654/1298/1245 656/1299/1246
s 131
f 601/603/1247 600/602/1248 657/1296/1249 658/1297/1250
s 132
f 602/605/1251 601/603/1252 658/1297/1253 659/1295/1254
s 131
f 657/1296/1249 600/602/1248 639/1294/1255 660/660/1256
s 132
f 602/605/1251 659/1295/1254 661/1285/1257 641/640/1258
s 133
f 726/662/1259 727/663/1260 707/664/1261 708/665/1262
s 134
f 725/666/1263 726/662/1264 708/665/1265 709/667/1266
s 135
f 706/668/1267 707/664/1268 727/663/1269 728/669/1270
s 136
f 724/670/1271 725/666/1272 709/667/1273 710/671/1274
s 123
f 639/639/1225 638/638/1224 662/672/1275 663/673/1276
f 640/641/1227 641/1293/1226 665/1283/1277 664/675/1278
s 128
f 638/638/1229 642/642/1228 666/676/1279 662/672/1280
s 127
f 643/643/1231 640/641/1230 664/675/1281 667/677/1282
s 128
f 645/645/1233 644/1292/1232 668/1282/1283 669/679/1284
s 127
f 647/647/1235 646/646/1234 670/680/1285 671/681/1286
s 128
f 642/642/1228 648/648/1236 672/682/1287 666/676/1279
s 127
f 649/649/1237 643/643/1231 667/677/1282 673/683/1288
f 646/646/1234 649/649/1237 673/683/1288 670/680/1285
s 128
f 648/648/1236 645/645/1233 669/679/1284 672/682/1287
s 129
f 644/644/1239 650/1290/1238 674/1272/1289 668/678/1290
f 651/651/1241 647/1291/1240 671/1280/1291 675/685/1292
f 650/650/1238 653/1288/1243 676/1270/1293 674/684/1289
f 655/1287/1244 651/1289/1241 675/1271/1292 677/1269/1294
s 131
f 660/660/1256 639/1294/1255 663/1284/1295 678/688/1296
s 132
f 641/640/1258 661/1285/1257 679/1267/1297 665/674/1298
s 135
f 705/690/1299 706/668/1267 728/669/1270 729/691/1300
s 136
f 723/692/1301 724/670/1271 710/671/1274 711/693/1302
s 123
f 663/673/1276 662/672/1275 680/694/1303 681/695/1304
f 664/675/1278 665/1283/1277 683/1258/1305 682/697/1306
s 128
f 662/672/1280 666/676/1279 684/1278/1307 680/694/1308
s 127
f 667/677/1282 664/675/1281 682/697/1309 685/1277/1310
s 128
f 669/679/1284 668/1282/1283 686/1281/1311 687/1273/1312
s 127
f 671/681/1286 670/680/1285 688/1276/1313 689/1279/1314
s 128
f 666/676/1279 672/682/1287 690/1274/1315 684/1278/1307
s 127
f 673/683/1288 667/677/1282 685/1277/1310 691/1275/1316
f 670/680/1285 673/683/1288 691/1275/1316 688/1276/1313
s 128
f 672/682/1287 669/679/1284 687/1273/1312 690/1274/1315
s 129
f 668/678/1290 674/1272/1289 692/1264/1317 686/700/1318
f 675/685/1292 671/1280/1291 689/703/1319 693/707/1320
f 674/684/1289 676/1270/1293 694/1252/1321 692/706/1317
f 677/1269/1294 675/1271/1292 693/1263/1320 695/709/1322
s 131
f 678/688/1296 663/1284/1295 681/1256/1323 696/710/1324
s 132
f 665/674/1298 679/1267/1297 697/1265/1325 683/696/1326
s 135
f 704/712/1327 705/690/1299 729/691/1300 730/1247/1328
s 136
f 722/714/1329 723/692/1301 711/693/1302 712/1250/1330
s 137
f 702/716/1331 722/1249/1332 712/715/1333 700/717/1334
s 138
f 730/713/1335 703/718/1336 701/719/1337 704/1248/1338
s 139
f 686/700/1339 692/1264/1340 698/1261/1341 687/701/1342
s 140
f 693/707/1343 689/703/1344 688/702/1345 699/1262/1346
f 700/1260/1347 699/1262/1346 688/702/1345 691/705/1348
s 139
f 698/1261/1341 701/1259/1349 690/704/1350 687/701/1342
s 140
f 700/1260/1347 691/705/1348 685/699/1351 702/1257/1352
s 139
f 690/704/1350 701/1259/1349 703/1255/1353 684/698/1354
s 140
f 702/1257/1352 685/699/1351 682/697/1355 683/1258/1356
s 139
f 684/698/1354 703/1255/1353 681/695/1357 680/694/1358
s 138
f 721/722/1359 698/720/1360 692/706/1361 694/1252/1362
s 135
f 676/686/1363 720/723/1364 721/1251/1365 694/708/1366
f 653/653/1367 719/724/1368 720/723/1364 676/686/1363
f 652/652/1369 718/725/1370 719/724/1368 653/653/1367
s 133
f 717/726/1371 718/725/1372 652/652/1373 656/656/1374
s 134
f 716/727/1375 717/726/1376 656/656/1377 654/655/1378
s 136
f 715/728/1379 716/727/1380 654/655/1381 655/654/1382
f 714/729/1383 715/728/1379 655/654/1382 677/687/1384
f 713/730/1385 714/729/1383 677/687/1384 695/1254/1386
s 137
f 699/721/1387 713/1253/1388 695/709/1389 693/1263/1390
f 700/717/1334 712/715/1333 713/1253/1388 699/721/1387
s 136
f 712/1250/1330 711/693/1302 714/729/1383 713/730/1385
f 711/693/1302 710/671/1274 715/728/1379 714/729/1383
f 710/671/1274 709/667/1273 716/727/1380 715/728/1379
s 134
f 709/667/1266 708/665/1265 717/726/1376 716/727/1375
s 133
f 708/665/1262 707/664/1261 718/725/1372 717/726/1371
s 135
f 719/724/1368 718/725/1370 707/664/1268 706/668/1267
f 720/723/1364 719/724/1368 706/668/1267 705/690/1299
f 721/1251/1365 720/723/1364 705/690/1299 704/712/1327
s 138
f 704/1248/1338 701/719/1337 698/720/1360 721/722/1359
s 137
f 683/696/1391 697/1265/1392 722/1249/1332 702/716/1331
s 136
f 679/689/1393 723/692/1301 722/714/1329 697/711/1394
f 661/661/1395 724/670/1271 723/692/1301 679/689/1393
f 659/659/1396 725/666/1272 724/670/1271 661/661/1395
s 134
f 659/659/1397 658/658/1398 726/662/1264 725/666/1263
s 133
f 658/658/1399 657/657/1400 727/663/1260 726/662/1259
s 135
f 728/669/1270 727/663/1269 657/657/1401 660/1286/1402
f 729/691/1300 728/669/1270 660/1286/1402 678/1268/1403
f 730/1247/1328 729/691/1300 678/1268/1403 696/1266/1404
s 138
f 696/710/1405 681/1256/1406 703/718/1336 730/713/1335
